"","sd2.lon","sd2.lat"
"1",-114.08475,51.05102
"2",-112.82487,53.02222
"3",-114.4236,51.19707
"4",-113.78713,53.35293
"5",-111.54679,50.76167
"6",-113.0757,51.94
"7",-113.55549,53.49052
"8",-112.86818,53.60971
"9",-110.2929,49.66091
"10",-113.16594,53.75777
"11",-112.88331,51.41672
"12",-113.86926,50.5816
"13",-114.02206,52.09489
"14",-113.43472,53.2505
"15",-112.81073,49.69673
"16",-110.68448,50.0177
"17",-112.0632,49.11612
"18",-113.43595,53.03839
"19",-113.85077,50.33895
"20",-113.83694,52.30278
"21",-113.7258,53.6726
"22",-113.14795,53.45372
"23",-112.63333,52.31669
"24",-112.66554,53.37204
"25",-133.15,55.4667
"26",-134.5333,58.3167
"27",-135.4333,59.2333
"28",-145.6333,60.5333
"29",-149.86397,61.14469
"30",-133.05001,55.55002
"31",-145.64511,60.53135
"32",-145.63334,64.10003
"33",-149.56794,61.32143
"34",-147.84663,64.87791
"35",-135.87208,58.45059
"36",-135.46934,59.23625
"37",-151.48961,59.63358
"38",-134.55001,58.31673
"39",-131.67,55.38311
"40",-132.94998,56.70003
"41",-149.24345,61.59941
"42",-149.41607,60.14394
"43",-135.56525,57.05267
"44",-151.19229,60.46363
"45",-151.0736,60.46471
"46",-135.27472,59.5285
"47",-132.61669,55.71672
"48",-150.12046,62.28372
"49",-135.21919,57.77923
"50",-132.35,56.41671
"51",-139.65,59.5333
"52",-87.3167,32.6167
"53",-86.8667,33.1
"54",-87.5667,33.2167
"55",-87.0333,33.5167
"56",-85.75,33.8
"57",-86.2833,34.3833
"58",-86.8667,34.5667
"59",-88,34.85
"60",-87.7167,30.3
"61",-88.1333,30.3
"62",-88.0667,30.6667
"63",-85.44971,32.58602
"64",-86.75831,33.46597
"65",-86.87521,34.17048
"66",-88.12836,30.33849
"67",-85.08857,31.9939
"68",-87.9,30.2333
"69",-87.6333,30.31671
"70",-86.28034,34.38828
"71",-86.3831,32.34962
"72",-87.95,30.75001
"73",-87.57658,33.23898
"74",-88.00023,34.83332
"75",-86.88373,34.60013
"76",-93.2333,33.2667
"77",-92.6167,33.2833
"78",-94.05,33.75
"79",-92,34.2167
"80",-90.6333,34.5333
"81",-91.5833,34.65
"82",-91.4,34.6833
"83",-92.9667,34.6833
"84",-93.1167,35.2
"85",-92.2667,35.65
"86",-92.2677,35.6544
"87",-90.7667,35.8333
"88",-93.3667,36.0167
"89",-94.5,36.2
"90",-93.05,34.1333
"91",-91.29168,34.87196
"92",-92.5836,36.0774
"93",-90.12265,35.88739
"94",-93.1425,36.17151
"95",-92.42266,35.09157
"96",-94.17187,36.05664
"97",-94.37659,35.38181
"98",-93.13823,35.16604
"99",-92.9667,34.7167
"100",-93.0333,34.4667
"101",-90.70202,35.92316
"102",-93.32513,35.34174
"103",-92.0667,33.15001
"104",-91.89573,34.74899
"105",-92.27921,34.75817
"106",-91.3167,33.4
"107",-94.2333,34.5833
"108",-92.4672,36.38619
"109",-93.28321,33.26836
"110",-93.64473,35.16701
"111",-90.69937,34.65293
"112",-93.0167,35.61714
"113",-92.00326,34.22951
"114",-92.18853,36.03672
"115",-93.92154,33.47255
"116",-92.2667,35.6167
"117",-90.70844,35.1612
"118",-90.2333,35.35
"119",-91.121,34.3146
"120",-112.6333,32
"121",-110.6167,32.1333
"122",-111.2333,32.25
"123",-113.6167,32.3167
"124",-114.5167,32.9
"125",-112.7333,33.3
"126",-112.2333,33.4833
"127",-112.25,33.4833
"128",-109.3833,34.0833
"129",-114.0833,34.3
"130",-111.7333,34.5833
"131",-110.1833,35.85
"132",-112.1167,36.0667
"133",-111.2667,36.65
"134",-110.9167,31.3833
"135",-110.2,31.4833
"136",-110.9,31.8
"137",-109.1333,31.9167
"138",-111.7333,33.55
"139",-111.17278,31.47006
"140",-111.25001,32.25005
"141",-110.46456,31.60515
"142",-111.45,31.5667
"143",-114.09283,34.30018
"144",-111.902,33.8594
"145",-112.40002,34.80006
"146",-112.9167,32.36671
"147",-111.75447,34.58731
"148",-110.7179,32.90291
"149",-109.6833,31.66671
"150",-111.59755,35.24103
"151",-111.51667,36.91667
"152",-112.68328,33.30709
"153",-110.91512,31.79232
"154",-112.0658,36.0143
"155",-112.66682,34.00078
"156",-114.31069,34.45245
"157",-112.12381,34.73985
"158",-111,36.65
"159",-112.75,34.4333
"160",-112.75,31.9667
"161",-111.45,35
"162",-114.46226,32.88842
"163",-110.93578,31.4338
"164",-113.05,32.0333
"165",-110.6833,31.4833
"166",-114.3833,34.0833
"167",-109.13645,31.90094
"168",-112.47014,34.5419
"169",-112.73705,36.86261
"170",-112.35824,33.37253
"171",-111.35001,34.34998
"172",-110.20003,31.45001
"173",-110.72952,32.33535
"174",-110.12648,31.89078
"175",-111.8802,34.8391
"176",-109.3833,34.5333
"177",-111.18333,33.31667
"178",-111.61599,33.63896
"179",-109.95816,34.20893
"180",-110.97349,32.30163
"181",-114.66463,35.87589
"182",-123.05,49.0667
"183",-122.75,49.0833
"184",-116.5333,49.15
"185",-121.9833,49.15
"186",-122.2167,49.1667
"187",-123.9667,49.2
"188",-124.9,49.25
"189",-124.7333,49.4667
"190",-117.2833,49.4833
"191",-123.1333,49.7167
"192",-119.4833,49.8833
"193",-125.2333,50.0167
"194",-119.2833,50.2667
"195",-132.0333,53.25
"196",-130.3,54.3
"197",-117.58889,49.34028
"198",-121.25003,50.75004
"199",-119.2112,50.4815
"200",-119.91702,49.30761
"201",-122.30309,49.11358
"202",-125.13646,48.83523
"203",-126.63705,52.37937
"204",-127.00001,50.58332
"205",-119.22029,49.06012
"206",-119.796,49.0961
"207",-115.7943,49.4988
"208",-117.58377,49.34839
"209",-121.94359,49.11133
"210",-124.95498,50.07536
"211",-124.92868,49.6726
"212",-125.2088,49.96657
"213",-116.51671,49.10003
"214",-122.50262,50.51054
"215",-124.73616,49.46575
"216",-123.67139,48.78818
"217",-118.01678,49.91702
"218",-115.03792,49.49708
"219",-124.25763,54.44423
"220",-118.34891,49.04671
"221",-116.9656,51.307
"222",-123.45885,48.90689
"223",-117.05738,49.66083
"224",-121.58104,50.74943
"225",-121.2895,51.66456
"226",-121.84988,49.31633
"227",-123.3509,49.42557
"228",-124.16891,48.45999
"229",-120.398,50.66944
"230",-115.83332,49.71718
"231",-119.49346,49.88361
"232",-128.67774,54.05917
"233",-116.96002,49.91068
"234",-123.05729,49.05376
"235",-119.39353,50.07865
"236",-121.93284,50.67901
"237",-124.2781,49.51692
"238",-116.95463,50.14584
"239",-116.0667,50.5333
"240",-132.19026,54.04641
"241",-120.67416,50.16341
"242",-124.13569,49.28496
"243",-117.72185,50.21475
"244",-123.93331,49.16676
"245",-117.29498,49.49305
"246",-119.51636,49.07872
"247",-124.81396,49.25731
"248",-122.76777,50.31629
"249",-119.7636,49.7549
"250",-119.596,49.52943
"251",-122.7648,53.91184
"252",-124.01504,49.6744
"253",-123.25715,48.76497
"254",-132.21287,53.6346
"255",-122.67292,49.28388
"256",-124.44566,49.81817
"257",-124.36002,49.34577
"258",-130.31457,54.28354
"259",-120.51545,49.46775
"260",-118.22057,51.00603
"261",-131.66684,54.00041
"262",-117.85001,49.10019
"263",-119.2333,50.70001
"264",-123.61671,49.46676
"265",-125.9167,50.3667
"266",-131.98764,53.21118
"267",-122.315,52.358
"268",-119.43196,50.9091
"269",-127.17575,54.77796
"270",-117.38027,50.01914
"271",-123.67186,48.34419
"272",-123.14518,49.73094
"273",-123.42781,48.69561
"274",-120.87234,50.75646
"275",-128.57501,54.47286
"276",-131.94231,53.56361
"277",-125.9086,49.15275
"278",-117.56661,49.13337
"279",-123.10501,49.26026
"280",-119.27685,50.26862
"281",-123.4,48.4667
"282",-119.59092,49.30918
"283",-122.95945,50.11594
"284",-122.1333,52.13333
"285",-122.71673,49.06736
"286",-122.177,50.8757
"287",-122,41.85
"288",-124.1667,41.85
"289",-121.3333,39.1167
"290",-116.9333,33.1167
"291",-123.8,39.3667
"292",-121.5,39.5
"293",-118.3667,33.7333
"294",-120.25,39.6833
"295",-118.35,34.0833
"296",-118.9667,34.1167
"297",-119.25,34.3
"298",-119.25,34.35
"299",-118.85,34.4667
"300",-119.0167,34.8333
"301",-119.1,35.15
"302",-122.2333,40.2
"303",-121.6,40.35
"304",-118.9167,35.45
"305",-117.6667,35.6167
"306",-120.9667,35.85
"307",-122.3,40.5667
"308",-118.8167,36.1167
"309",-119.5333,36.1167
"310",-121.95,40.65
"311",-118.9833,36.3667
"312",-116.85,36.5167
"313",-120.85,36.65
"314",-124.1667,40.85
"315",-121.3833,36.8167
"316",-119.6667,36.8833
"317",-121.75,36.9
"318",-119.6667,36.9167
"319",-121.6,37.1167
"320",-121.2,37.6333
"321",-123.0167,37.7
"322",-122.8333,37.95
"323",-120.3667,38
"324",-122.35,41.4667
"325",-120.2833,41.5
"326",-124.0167,41.5167
"327",-122.0833,38.1333
"328",-122.6167,38.1333
"329",-122.8833,38.1333
"330",-122.8833,38.1667
"331",-120.2,41.55
"332",-121.3,38.2667
"333",-121.75,38.3
"334",-122.4167,38.55
"335",-121.14375,38.9758
"336",-116.39859,33.28411
"337",-122.18705,40.42375
"338",-122.39773,38.57145
"339",-122.31822,37.21469
"340",-124.1565,40.86534
"341",-120.9481,39.93621
"342",-118.9173,35.4311
"343",-116.9,34.2833
"344",-122.10943,38.1143
"345",-121.81445,36.32815
"346",-118.47761,37.36113
"347",-118.66101,35.09453
"348",-118.14259,35.41033
"349",-119.2617,35.2272
"350",-114.5956,33.6103
"351",-120.4144,38.2108
"352",-124.24284,40.64203
"353",-121.99233,37.9538
"354",-117.7056,35.65176
"355",-118.49818,34.4499
"356",-122.71993,38.93923
"357",-117.70729,34.13839
"358",-119.48387,34.43025
"359",-121.8238,39.722
"360",-119.85,35.24999
"361",-121.76166,37.1897
"362",-122.37506,37.51844
"363",-122.60935,38.1382
"364",-119.9516,34.6501
"365",-121.17401,37.60607
"366",-117.862,35.1622
"367",-119.75801,34.01127
"368",-117.018,33.62701
"369",-124.17121,41.84465
"370",-116.86682,36.46189
"371",-121.789,37.60902
"372",-121.67804,37.91175
"373",-117.33305,33.66671
"374",-116.94029,33.10245
"375",-122.90644,41.49324
"376",-123.78258,39.39976
"377",-121.09739,38.66182
"378",-121.48993,41.06157
"379",-118.4167,34.6333
"380",-120.207,37.79
"381",-121.13593,39.23018
"382",-118.8167,35.65
"383",-122.0667,37.6068
"384",-120.42293,40.3434
"385",-121.3667,36.8
"386",-116.76911,33.71122
"387",-119.46662,37.08572
"388",-116.09972,34.05235
"389",-119.0667,36.3667
"390",-118.45881,35.66246
"391",-118.37935,34.04769
"392",-118.09079,33.8533
"393",-121.3919,38.87044
"394",-122.75,40.7167
"395",-116.72549,33.21117
"396",-119.7,36.95
"397",-118.08599,34.70429
"398",-118.1167,36.5667
"399",-121.24999,40.2833
"400",-120.88488,37.06117
"401",-120.53678,34.66163
"402",-120.58761,37.65314
"403",-121.50002,39.19998
"404",-122.56431,37.92139
"405",-121.74068,36.89695
"406",-119.93499,36.77876
"407",-121.52284,37.37188
"408",-121.59612,40.34778
"409",-117.26885,34.50714
"410",-119.12014,37.95606
"411",-118.8667,37.6333
"412",-123.68968,39.03469
"413",-120.5167,41.45
"414",-121.87757,36.562
"415",-120.77668,35.29996
"416",-122.41415,41.53418
"417",-118.70449,34.08216
"418",-116.56246,34.03594
"419",-120.68851,37.23013
"420",-122.23301,37.81459
"421",-117.94527,33.67247
"422",-119.6448,37.33004
"423",-117.67757,33.71453
"424",-121.54992,39.5178
"425",-117.27957,33.19026
"426",-122.15589,37.40638
"427",-122.03063,38.48102
"428",-121.22883,36.50349
"429",-120.5167,35.8667
"430",-120.87663,36.6068
"431",-118.32792,33.77233
"432",-122.89014,38.1216
"433",-118.09127,34.11987
"434",-121.82189,39.19825
"435",-122.21167,40.20736
"436",-121.41747,38.35046
"437",-122.44585,40.61939
"438",-116.99987,34.1025
"439",-119.97132,37.48939
"440",-117.8833,35.3833
"441",-117.16277,33.00026
"442",-117.48885,33.90677
"443",-119.7627,34.4512
"444",-122.04986,37.01624
"445",-117.11699,32.64725
"446",-122.46889,37.71432
"447",-120.58331,34.8833
"448",-116.10307,33.51789
"449",-118.4167,33.36671
"450",-121.88209,37.40335
"451",-118.19013,35.69623
"452",-117.12391,33.87453
"453",-121.55,38.60001
"454",-120.33525,37.969
"455",-117.30103,34.08523
"456",-118.813,36.1338
"457",-118.77357,36.56492
"458",-122.71157,38.4379
"459",-115.61324,33.15789
"460",-121.39542,38.11603
"461",-117.60776,33.50957
"462",-118.50253,34.23577
"463",-120.36642,39.68343
"464",-122.5037,38.29311
"465",-118.4503,35.1097
"466",-118.67329,34.94631
"467",-121.53895,41.94652
"468",-118.96992,34.14894
"469",-124.0093,41.2094
"470",-123.16603,39.13862
"471",-119.19215,34.34845
"472",-120.9833,38.1167
"473",-123.6667,40.95001
"474",-123.03064,38.38525
"475",-119.66621,37.71656
"476",-122.52466,41.74947
"477",-105.65,39.75
"478",-105.5667,40.0167
"479",-105.5833,40.0167
"480",-105.15,40.4
"481",-104.8667,40.4833
"482",-108.95,40.8167
"483",-105.4,40.9
"484",-105.8,37.4333
"485",-104.7833,37.65
"486",-105.05,37.9833
"487",-105.5833,37.9833
"488",-107.75,38.1833
"489",-107.7333,38.7667
"490",-104.9121,39.0149
"491",-106.9,39.25001
"492",-104.65,39.1167
"493",-104.6955,39.9721
"494",-105.2725,40.02555
"495",-102.18451,39.63066
"496",-108.60924,37.41344
"497",-102.7167,40.8833
"498",-104.8167,38.8022
"499",-107.2,38.45
"500",-104.9622,39.37166
"501",-105.14304,39.58699
"502",-108.0394,38.77141
"503",-107.06631,39.73177
"504",-107.81191,37.20013
"505",-104.87527,39.73466
"506",-105.42637,39.67651
"507",-106.85103,39.5846
"508",-105.11407,40.6454
"509",-102.98693,39.29358
"510",-104.65,38.6333
"511",-105.93945,40.08611
"512",-108.60813,39.12082
"513",-108.0253,39.14628
"514",-104.68009,40.39356
"515",-105.58331,37.75
"516",-106.88556,38.60639
"517",-102.1833,38.0333
"518",-107.7646,38.76937
"519",-103.033,38.05801
"520",-104.92353,38.01318
"521",-105.1734,40.17406
"522",-105.16534,40.40772
"523",-107.86745,38.50024
"524",-106.04613,37.49697
"525",-104.70542,40.8341
"526",-105.144,38.3907
"527",-104.99149,38.92081
"528",-104.78569,38.23544
"529",-107.0257,37.24025
"530",-104.51958,38.17525
"531",-105.14307,40.86281
"532",-107.26244,39.45789
"533",-105.536,40.38196
"534",-103.67904,38.13259
"535",-106,38.5
"536",-103.2219,40.6966
"537",-105.04427,37.43075
"538",-106.84989,40.46191
"539",-106.05,39.5833
"540",-105.46736,38.13605
"541",-103.85682,40.34218
"542",-73.0833,41.1333
"543",-73.1,41.15
"544",-73.0333,41.3333
"545",-73.2667,41.5167
"546",-73.0167,41.5333
"547",-73.2333,41.7167
"548",-72.98838,41.91231
"549",-72.9495,41.6718
"550",-71.92744,41.79665
"551",-72.6828,41.1917
"552",-73.61382,41.08263
"553",-72.6727,41.76604
"554",-73.2724,41.77027
"555",-73.43987,41.94486
"556",-72.93228,41.30069
"557",-72.10067,41.32362
"558",-72.42703,41.29241
"559",-73.14106,41.39999
"560",-72.7273,41.47466
"561",-73.10987,41.17424
"562",-72.44849,41.55328
"563",-72.24968,41.81163
"564",-73.35799,41.16398
"565",-73.27908,41.53516
"566",-77.06853,38.86741
"567",-75.48216,39.21522
"568",-75.18775,38.80722
"569",-75.4275,38.95948
"570",-75.6347,39.4753
"571",-75.10727,38.60348
"572",-75.5739,38.58449
"573",-75.63989,39.74503
"574",-81,24.7333
"575",-81.3833,25.8833
"576",-82.2667,26.75
"577",-81.3167,26.8667
"578",-80.1167,27.0167
"579",-82.6167,27.4833
"580",-80.45,27.6833
"581",-80.5667,27.8667
"582",-80.5167,27.8833
"583",-81.1333,27.9
"584",-81.3667,27.9667
"585",-81.8667,28
"586",-82.1667,28.25
"587",-82.7,28.25
"588",-81.3833,28.5333
"589",-82.2833,28.7833
"590",-81.25,28.8
"591",-81.0333,29.2
"592",-81.2167,29.4
"593",-83.55,29.8
"594",-81.3,29.9333
"595",-82.5833,28.46669
"596",-85.07375,29.67485
"597",-82.33486,27.79203
"598",-81.31671,27.65008
"599",-82.56307,27.50104
"600",-85.67191,30.1851
"601",-80.24101,25.44515
"602",-81.5496,28.3753
"603",-82.32454,28.54795
"604",-81.72001,26.86998
"605",-81.269,25.861
"606",-86.51815,30.44617
"607",-80.95822,25.14099
"608",-85.83218,30.666
"609",-83.01489,29.19416
"610",-81.76505,28.54041
"611",-81.0029,28.52964
"612",-80.70256,28.36223
"613",-82.57756,28.87123
"614",-81.52167,26.3666
"615",-81.1167,29.24999
"616",-80.18832,25.84022
"617",-82.8722,24.6279
"618",-81.8667,26.3667
"619",-81.1467,28.70944
"620",-81.85008,28.84997
"621",-82.2374,28.31031
"622",-82.7789,27.6025
"623",-81.26498,29.49705
"624",-81.45348,26.14862
"625",-80.2191,26.13598
"626",-81.99056,26.55509
"627",-80.38276,27.41773
"628",-82.31275,29.60269
"629",-82.8128,27.497
"630",-82.7595,30.336
"631",-82.67853,29.93351
"632",-81.48773,30.4152
"633",-85.16121,30.89164
"634",-80.14689,26.99212
"635",-80.3175,25.6789
"636",-80.59809,25.00947
"637",-81.39363,28.20619
"638",-81.70464,24.58085
"639",-81.85067,28.02613
"640",-82.63713,30.18936
"641",-81.35,24.6667
"642",-80.71861,25.35677
"643",-81.3441,27.26012
"644",-84.98947,30.66334
"645",-81.51887,27.89392
"646",-85.2667,30.7167
"647",-81.99291,29.74797
"648",-80.68149,28.61708
"649",-82.23596,27.23301
"650",-81.28275,29.71536
"651",-81.76451,26.12775
"652",-82.73885,28.0672
"653",-82.69489,28.26043
"654",-81.73174,26.65101
"655",-84.3928,29.9908
"656",-87.3667,30.3333
"657",-87.15483,30.44739
"658",-81.00726,29.0623
"659",-82.04736,26.92427
"660",-85.29858,29.77031
"661",-80.5,25.4333
"662",-81.3162,29.9333
"663",-80.55,27.84861
"664",-82.15672,26.45936
"665",-84.22272,30.15359
"666",-80.91599,26.51601
"667",-82.67944,27.79913
"668",-82.49757,27.28407
"669",-80.26236,27.21211
"670",-82.45952,28.01069
"671",-84.23641,30.52905
"672",-81.62001,25.95
"673",-80.4167,27.6667
"674",-82.37929,27.00478
"675",-82.29443,29.109
"676",-80.12703,26.56721
"677",-81.36787,28.78626
"678",-81.30391,29.05428
"679",-81.60619,28.73094
"680",-83.7167,33.05
"681",-84.15,33.05
"682",-83.2333,33.0833
"683",-83.7167,33.1
"684",-84.15,33.65
"685",-83.3,33.7167
"686",-84.3833,33.75
"687",-83.3333,33.9167
"688",-85.15,34.2333
"689",-84.2167,30.8667
"690",-84.4167,31.43331
"691",-84.18204,34.51897
"692",-83.38123,33.93049
"693",-84.6667,33.9667
"694",-82.02386,33.43928
"695",-84.63151,30.88498
"696",-84.33941,34.87471
"697",-83.9667,34.8333
"698",-84.84374,32.82403
"699",-84.64738,34.87747
"700",-81.46726,30.81511
"701",-84.7917,34.5801
"702",-85.00044,32.58606
"703",-84.9667,34.76671
"704",-82.92389,32.62973
"705",-85.1805,34.2898
"706",-81.42611,31.1128
"707",-81.29401,31.68371
"708",-84.34286,33.7833
"709",-83.88386,31.96206
"710",-83.28232,33.61196
"711",-83.66626,32.83213
"712",-82.1333,30.8001
"713",-84.62314,33.34678
"714",-83.74695,33.0936
"715",-84.32292,34.0335
"716",-81.12264,31.63513
"717",-81.4669,31.4669
"718",-81.0667,32.08419
"719",-91.5833,42.1667
"720",-94.8167,43.4
"721",-93.9,40.6167
"722",-91.1,40.8333
"723",-91.1333,40.8333
"724",-96,41.4833
"725",-96.0333,41.55
"726",-93.57114,42.00769
"727",-91.81257,42.40607
"728",-93.90274,42.03624
"729",-92.2332,42.71665
"730",-91.10965,40.83652
"731",-95.0619,41.3461
"732",-92.45,42.5167
"733",-90.17401,41.98009
"734",-91.66947,41.97897
"735",-90.51324,41.55218
"736",-91.7333,43.38331
"737",-94.11465,41.67217
"738",-93.70367,41.60039
"739",-95.96418,41.4509
"740",-90.71137,42.49117
"741",-95.7167,40.95
"742",-91.60763,41.75218
"743",-94.33749,41.78898
"744",-91.45812,40.47259
"745",-93.84,40.67197
"746",-90.82045,41.94571
"747",-93.4667,41.0333
"748",-93.103,43.16922
"749",-91.01067,41.42745
"750",-91.57932,42.19654
"751",-93.92166,41.37671
"752",-91.4585,42.9353
"753",-90.35461,41.7486
"754",-92.9447,40.8122
"755",-93.02423,41.38662
"756",-96.40724,42.49136
"757",-91.2205,42.78231
"758",-95.48086,40.72111
"759",-94.85,40.7
"760",-95.10228,43.42262
"761",-90.47709,42.16396
"762",-93.75623,41.80375
"763",-94.47134,40.67566
"764",-95.7667,40.6167
"765",-94.1167,43.2667
"766",-93.30556,41.53917
"767",-96.51166,42.7146
"768",-91.2,43.15001
"769",-113.9833,44.6333
"770",-114.3667,43.6833
"771",-112.70001,42.98331
"772",-116.31836,48.69945
"773",-114.82,42.63
"774",-111.30683,42.21933
"775",-116.19954,43.61773
"776",-115.858,42.9252
"777",-116.78817,47.73804
"778",-114.2114,44.4753
"779",-111.4167,43.0667
"780",-115.95439,44.09193
"781",-113.06944,43.86278
"782",-114.9,42.8167
"783",-112.05965,43.51718
"784",-116.0833,47.38331
"785",-113.4666,42.15
"786",-116.6725,46.55499
"787",-116.952,46.414
"788",-116.0992,44.90934
"789",-117.0396,46.7311
"790",-116.67293,43.56804
"791",-112.43011,42.86763
"792",-113.97786,44.62872
"793",-111.85781,43.79726
"794",-113.65,42.6167
"795",-113.89527,45.17759
"796",-116.70768,47.96625
"797",-116.56239,48.27491
"798",-114.06696,43.3081
"799",-113.9831,42.16669
"800",-114.46346,42.55652
"801",-111.11103,43.72305
"802",-88.3833,41.8833
"803",-88.3833,42.3167
"804",-89.1167,42.3667
"805",-88,39.3333
"806",-88.45,39.35
"807",-88.7,39.4833
"808",-89.4,39.5667
"809",-88.6667,39.7
"810",-88.3,40.1
"811",-89,40.4833
"812",-89.4833,40.9
"813",-88.8333,37.2667
"814",-89.3667,41.2833
"815",-88.1667,41.5
"816",-88.9667,38.5167
"817",-90.0167,38.6333
"818",-90.72237,41.35631
"819",-89.3228,37.575
"820",-88.13331,42.06679
"821",-90.83489,40.95929
"822",-91.0333,39.75
"823",-88.07596,38.75288
"824",-89.83974,38.28581
"825",-88.94478,40.5644
"826",-88.50773,41.73339
"827",-90.50431,40.54522
"828",-89.95,40.41671
"829",-88.11447,40.05512
"830",-88.13727,39.44117
"831",-89.2667,38.7
"832",-89.49659,40.89663
"833",-87.58543,41.88232
"834",-89.02116,37.71961
"835",-87.53955,41.61548
"836",-90.23232,40.12334
"837",-88.79989,40.16679
"838",-87.72635,41.90988
"839",-89.95883,38.70809
"840",-89.02131,37.31896
"841",-88.9535,39.84256
"842",-88.76666,42.0333
"843",-90.12993,41.01832
"844",-90.36101,38.95473
"845",-90.49389,41.22122
"846",-87.78824,42.1379
"847",-88.26267,41.88266
"848",-87.66671,40
"849",-89.6372,42.28883
"850",-89.3311,37.2089
"851",-89.3389,41.2552
"852",-88.6957,41.317
"853",-89.35,37.71671
"854",-88.12438,41.51131
"855",-89.08631,42.18117
"856",-87.86737,41.12089
"857",-87.97382,41.75181
"858",-87.7,39.35
"859",-89.92601,41.71749
"860",-88.36504,42.32034
"861",-90.2333,38.23941
"862",-87.70092,40.24705
"863",-90.59374,39.85421
"864",-88.75,37.20001
"865",-89.66503,37.76797
"866",-90.1978,39.67536
"867",-88.59,38.31501
"868",-88.30158,41.30342
"869",-88.31814,38.04406
"870",-89.62017,40.69994
"871",-90.60515,38.99681
"872",-89.3833,41.3167
"873",-91.3965,39.93184
"874",-88.87085,42.35035
"875",-88.96772,38.13244
"876",-89.1667,42.36671
"877",-90.59452,40.14652
"878",-90.20534,42.39668
"879",-88.77002,39.42001
"880",-89.65,39.8
"881",-88.9828,41.3169
"882",-87.72498,41.45632
"883",-89.40476,37.46757
"884",-89.62595,41.70194
"885",-87.87422,42.34929
"886",-90.9198,41.17024
"887",-89.4061,41.95978
"888",-88.61114,37.40557
"889",-86.3667,39.05
"890",-86.4,39.2167
"891",-86.7,39.2833
"892",-85.7667,39.5167
"893",-85.0667,39.5333
"894",-87.3167,40.3333
"895",-87.2333,40.3667
"896",-87.95,37.8833
"897",-87.95,37.9333
"898",-86.5833,38.1667
"899",-85.8333,41.55
"900",-86.9167,41.6667
"901",-85.4667,38.7167
"902",-85.5333,38.7167
"903",-85.42067,38.94862
"904",-86.4097,40.8003
"905",-86.83059,38.84414
"906",-85.9333,39.2
"907",-87.2701,41.5722
"908",-86.33833,39.92694
"909",-85.83445,41.65268
"910",-87.5752,37.9776
"911",-85.13285,41.19981
"912",-85.6,40.5333
"913",-87.18642,38.96777
"914",-86.03339,40.09074
"915",-85.47056,38.73818
"916",-87.00958,41.66292
"917",-86.03887,39.86939
"918",-86.06679,39.41033
"919",-86.629,39.927
"920",-87.41711,38.64528
"921",-86.91567,40.46048
"922",-86.3984,39.01518
"923",-86.72677,39.28625
"924",-85.2198,39.5953
"925",-85.18028,39.36375
"926",-85.79833,38.95941
"927",-85.36671,40.18328
"928",-85.3667,39.9167
"929",-86.66843,41.67762
"930",-87.34536,38.28988
"931",-84.90156,39.10207
"932",-87.9421,37.8924
"933",-84.97007,41.63435
"934",-86.60617,38.43469
"935",-85.2771,41.64184
"936",-86.36212,41.2754
"937",-84.95602,39.82893
"938",-85.20633,40.96009
"939",-86.25198,41.67637
"940",-87.30979,41.31999
"941",-85.0323,40.656
"942",-86.6333,41.4667
"943",-86.41698,38.72329
"944",-85.29236,41.42484
"945",-87.42528,39.10295
"946",-86.12258,41.12051
"947",-87.40703,39.41653
"948",-85.78873,41.32371
"949",-85.53939,41.53936
"950",-87.20523,39.88455
"951",-87.3015,38.05989
"952",-87.7807,38.34061
"953",-84.99358,39.59086
"954",-87.4894,40.9819
"955",-94.8333,38.8667
"956",-99.3333,38.8833
"957",-95.25,38.9833
"958",-95.2833,39
"959",-94.75,39.05
"960",-101.7833,39.2833
"961",-99.1167,39.6667
"962",-95.85,37.25
"963",-96.9833,37.25
"964",-97.1167,37.35
"965",-96.0667,37.3667
"966",-94.6833,37.3833
"967",-97.1167,37.3833
"968",-95.2333,37.4333
"969",-99.8833,37.4333
"970",-97.85,37.7667
"971",-94.7667,38.1833
"972",-98.7167,38.3667
"973",-97.65,38.4333
"974",-95.6833,38.6833
"975",-99.3833,38.7833
"976",-99.4167,38.8167
"977",-97.03928,37.03825
"978",-95.27133,38.78236
"979",-95.13417,39.60916
"980",-94.9004,39.17238
"981",-99.7667,38.75
"982",-98.6666,38.4333
"983",-101.85372,37.11045
"984",-100.00996,37.77774
"985",-96.8044,37.862
"986",-96.08346,38.4456
"987",-99.40184,38.83148
"988",-97.43379,38.05986
"989",-96.88128,39.00056
"990",-99.53,38.03
"991",-98.2667,37.6333
"992",-99.12233,39.68772
"993",-95.31111,38.99333
"994",-94.75,38.2833
"995",-100.85735,37.12221
"996",-96.5667,39.1833
"997",-97.07483,38.37723
"998",-94.85214,38.9127
"999",-95.40315,39.20137
"1000",-95.25276,37.4643
"1001",-98.4833,38.15
"1002",-97.8667,37.9
"1003",-98.42,37.13
"1004",-98.6833,37.5333
"1005",-100.90639,38.58432
"1006",-97.63103,38.84173
"1007",-94.9667,37.23331
"1008",-95.67794,39.04825
"1009",-96.97562,37.26472
"1010",-96.9662,39.2201
"1011",-97.34962,37.69123
"1012",-98.35913,39.46541
"1013",-99.40641,39.42307
"1014",-98.57105,38.94411
"1015",-84.8333,39.0333
"1016",-83.6,36.6333
"1017",-83.75,36.6667
"1018",-88.0667,36.85
"1019",-87.5,37.3333
"1020",-83.3667,37.4833
"1021",-87.5333,37.8
"1022",-87.5833,37.8333
"1023",-84.7833,38.35
"1024",-82.69992,38.46699
"1025",-88.9518,37.1228
"1026",-85.62752,37.90241
"1027",-86.4359,36.9159
"1028",-84.7463,38.9493
"1029",-88.19986,36.60028
"1030",-84.26111,36.88999
"1031",-84.77327,37.64627
"1032",-86.99575,37.69378
"1033",-86.06855,36.7426
"1034",-87.1016,36.7605
"1035",-84.24473,38.74738
"1036",-84.85252,38.22705
"1037",-85.9127,36.9956
"1038",-85.3688,37.2987
"1039",-85.83795,37.28352
"1040",-87.47296,36.86155
"1041",-84.77675,38.46333
"1042",-88.16833,36.93674
"1043",-84.09416,37.13538
"1044",-84.47187,37.92273
"1045",-85.74,37.57301
"1046",-85.62835,38.2929
"1047",-86.1101,37.18644
"1048",-86.1137,37.38964
"1049",-86.06984,37.91409
"1050",-86.95868,37.27755
"1051",-85.1217,36.96581
"1052",-83.5333,36.9333
"1053",-84.2638,37.6311
"1054",-87.23086,37.76297
"1055",-85.14535,38.18997
"1056",-84.60376,37.10245
"1057",-84.90227,38.78387
"1058",-84.8213,36.89721
"1059",-86.3469,36.71278
"1060",-91.4,32.3
"1061",-91.9667,32.5667
"1062",-92.95,32.5667
"1063",-89.3833,29.3
"1064",-92.7833,29.7167
"1065",-91.35,29.75
"1066",-90.1333,29.8
"1067",-90.8167,29.8
"1068",-93.45,29.8
"1069",-93.1,29.8667
"1070",-89.9833,29.9667
"1071",-92.6,30.2
"1072",-91.7167,30.35
"1073",-89.9833,30.3667
"1074",-90.0833,30.4333
"1075",-92.05,31.05
"1076",-93.5026,32.2932
"1077",-89.8,30.4833
"1078",-91.11937,30.36614
"1079",-92.05887,31.508
"1080",-92.95,32.78
"1081",-92.3667,31.10001
"1082",-93.11128,29.8159
"1083",-92.36188,30.11074
"1084",-92.24096,32.65827
"1085",-93.439,31.33401
"1086",-90.0458,29.1996
"1087",-90.7167,29.6
"1088",-93.71488,29.80103
"1089",-92.10423,30.19007
"1090",-93.3,30.15
"1091",-91.9,31.2333
"1092",-91.6833,30.28331
"1093",-92.81469,30.06264
"1094",-93.06353,31.82404
"1095",-91.89491,30.00174
"1096",-89.91668,30.02363
"1097",-89.7933,30.25
"1098",-92.1384,29.8744
"1099",-92.37649,30.76427
"1100",-90.47107,30.08675
"1101",-93.61639,32.3625
"1102",-93.38925,29.85445
"1103",-93.08752,30.03732
"1104",-93.89216,32.53712
"1105",-90.08856,30.42112
"1106",-91.3833,30.75
"1107",-91.36672,32.28328
"1108",-90.75,29.8167
"1109",-89.47666,29.33916
"1110",-92.4242,29.87438
"1111",-72.8667,42.1333
"1112",-71.1167,42.3
"1113",-72.2667,42.3167
"1114",-71.1667,42.3833
"1115",-71.0833,42.5333
"1116",-71.1667,42.55
"1117",-72.6,42.5833
"1118",-71.1667,42.6
"1119",-70.9,42.7167
"1120",-70.9333,41.6
"1121",-70.75,41.7167
"1122",-70.6333,41.7333
"1123",-70.2333,42.15
"1124",-71.1419,42.63497
"1125",-72.22032,42.59442
"1126",-70.62056,41.65165
"1127",-70.73004,42.61122
"1128",-73.25369,42.40863
"1129",-69.99677,41.72066
"1130",-72.8333,42.1
"1131",-71.43331,42.4333
"1132",-71.0955,42.39731
"1133",-71.64972,42.58694
"1134",-72.60023,42.58785
"1135",-70.65366,42.09732
"1136",-70.30017,41.70038
"1137",-71.3572,42.16747
"1138",-70.52068,41.35712
"1139",-70.09012,41.29011
"1140",-73.19369,42.64417
"1141",-70.89867,42.73976
"1142",-70.8667,41.60001
"1143",-72.6028,42.3439
"1144",-70.6012,41.87332
"1145",-72.27829,42.37117
"1146",-70.9333,42.21671
"1147",-73.32762,42.15167
"1148",-72.50893,42.12941
"1149",-72.0976,42.13723
"1150",-70.34948,41.27264
"1151",-71.03243,41.86906
"1152",-70.03564,41.98471
"1153",-71.66603,42.06706
"1154",-71.9333,42.51671
"1155",-71.79369,42.32376
"1156",-100.6333,49.7667
"1157",-98.25,50.1167
"1158",-97.55,49.1
"1159",-98.8333,49.8667
"1160",-97.3212,50.25626
"1161",-99.96198,49.84227
"1162",-99.2167,49.9
"1163",-98.00182,49.50264
"1164",-99.0291,49.6211
"1165",-100.04898,51.15043
"1166",-98.24403,50.10801
"1167",-99.36675,49.57656
"1168",-101.18836,49.10865
"1169",-100.9667,49.2833
"1170",-99.83879,50.24712
"1171",-98.10305,49.19229
"1172",-97.06513,50.1226
"1173",-98.26391,49.89473
"1174",-100.2333,50.0333
"1175",-97.12985,49.66553
"1176",-96.55,49.5833
"1177",-97.20173,49.8802
"1178",-75.8333,38.9
"1179",-76.6,39.4
"1180",-76.9,39.45
"1181",-75.7667,38.0333
"1182",-76.7333,38.3
"1183",-76.9833,38.4667
"1184",-77.0167,38.6833
"1185",-76.50653,39.00331
"1186",-76.49106,39.26615
"1187",-76.78518,38.9927
"1188",-77.40954,39.61954
"1189",-75.75773,38.02978
"1190",-75.9153,39.27622
"1191",-75.83504,38.90554
"1192",-75.94244,39.5333
"1193",-76.64145,38.75318
"1194",-76.19215,39.14269
"1195",-76.63348,39.48563
"1196",-76.41036,39.30889
"1197",-75.21223,38.31281
"1198",-76.42123,38.10611
"1199",-76.5037,38.3406
"1200",-77.03331,38.4833
"1201",-76.16704,39.6041
"1202",-75.7333,38.33331
"1203",-76.03705,38.36169
"1204",-77.32855,39.06706
"1205",-77.392,39.2841
"1206",-76.25307,38.75065
"1207",-76.98849,39.16047
"1208",-70.6167,43.1833
"1209",-69.5,43.95
"1210",-68.8667,44.0167
"1211",-69.9,44.0167
"1212",-68.8,44.4
"1213",-67.8,44.4833
"1214",-70.55,44.55
"1215",-67.3333,44.7167
"1216",-67.8667,45.65
"1217",-70.3167,43.6333
"1218",-69.7833,43.8
"1219",-69.78166,44.30716
"1220",-68.78614,44.7005
"1221",-68.94179,44.50733
"1222",-68.59083,44.43417
"1223",-70.47877,43.44335
"1224",-69.50726,44.16051
"1225",-69.74427,43.78025
"1226",-67.1788,44.9496
"1227",-67.94743,46.91257
"1228",-69.23229,45.16074
"1229",-68.67672,44.22918
"1230",-66.9852,44.9059
"1231",-68.335,44.5547
"1232",-70.16313,44.70309
"1233",-70.02682,43.82286
"1234",-69.3977,44.884
"1235",-70.20345,44.10515
"1236",-68.8834,43.85769
"1237",-67.32851,44.66691
"1238",-68.31164,44.33603
"1239",-69.31627,43.7648
"1240",-67.64908,44.53766
"1241",-68.68392,44.9052
"1242",-70.22419,43.58579
"1243",-69.46661,43.93324
"1244",-68.01549,46.68122
"1245",-70.66744,44.94342
"1246",-68.10761,44.4278
"1247",-70.81896,44.0725
"1248",-69.16835,44.08153
"1249",-69.33715,44.60826
"1250",-69.66308,44.56409
"1251",-70.62679,43.18107
"1252",-84.9833,42.35
"1253",-83.5667,42.4667
"1254",-86.05,42.8833
"1255",-85.0167,42.9833
"1256",-83.0667,43.1
"1257",-83.9833,43.5333
"1258",-87.0667,45.7667
"1259",-83.77812,42.3172
"1260",-82.66475,42.6273
"1261",-86.0054,42.54984
"1262",-84.679,42.301
"1263",-85.35517,44.98308
"1264",-83.45785,45.07096
"1265",-86.85447,46.33229
"1266",-85.39676,42.62425
"1267",-86.12826,44.63343
"1268",-86.4167,42.01671
"1269",-85.27947,42.37667
"1270",-83.93315,43.58048
"1271",-85.4971,44.20849
"1272",-84.4667,45.65
"1273",-84.0351,42.0916
"1274",-87.6338,45.63061
"1275",-86.30126,42.21484
"1276",-83.55104,42.72134
"1277",-86.0833,41.96671
"1278",-88.00001,47.45006
"1279",-84.49347,42.76598
"1280",-84.6611,42.5818
"1281",-83.84748,42.86151
"1282",-83.61735,43.10596
"1283",-85.97034,42.3091
"1284",-85.47197,43.00051
"1285",-87.45,46.28331
"1286",-83.83636,42.63054
"1287",-83.46591,44.82247
"1288",-88.50004,47.06674
"1289",-84.68418,44.42129
"1290",-87.5,45.38331
"1291",-86.1,42.75
"1292",-82.99917,43.97284
"1293",-86.06079,42.89243
"1294",-85.025,42.976
"1295",-88.6425,46.0924
"1296",-85.64816,42.29629
"1297",-88.50486,46.84322
"1298",-85.9013,43.90111
"1299",-87.0023,45.83905
"1300",-83.2428,43.0014
"1301",-84.36296,46.05382
"1302",-85.74479,44.91796
"1303",-86.41528,43.95613
"1304",-86.21358,44.30284
"1305",-85.33434,43.67355
"1306",-84.25001,43.56669
"1307",-86.21429,45.98312
"1308",-84.84838,43.62556
"1309",-87.3963,46.54388
"1310",-84.72801,45.81531
"1311",-86.25,43.21672
"1312",-85.9481,43.2642
"1313",-86.61667,41.81329
"1314",-84.25789,46.28791
"1315",-86.28317,41.82737
"1316",-83.3962,44.4828
"1317",-84.9,42.4333
"1318",-84.97088,45.37014
"1319",-82.52151,42.93465
"1320",-83.24595,42.78988
"1321",-83.9,45.4
"1322",-85.9667,46.25
"1323",-83.26929,44.7136
"1324",-85.53637,44.71544
"1325",-83.56504,43.62378
"1326",-84.38702,43.7776
"1327",-83.5655,44.30638
"1328",-84.20967,42.32446
"1329",-82.95335,42.70085
"1330",-85.03082,46.67848
"1331",-92.05,46.8167
"1332",-92.0167,46.8333
"1333",-94.5833,47.1
"1334",-94.8667,47.4333
"1335",-96.6,47.8
"1336",-90.3833,47.8333
"1337",-90.3833,47.85
"1338",-92.0167,44.2667
"1339",-92.5333,44.55
"1340",-92.5333,44.5333
"1341",-92.8167,44.65
"1342",-92.7667,44.6833
"1343",-94.35,44.8667
"1344",-94.3,45.5333
"1345",-92.7666,44.901
"1346",-96.06957,48.42681
"1347",-93.3912,43.64688
"1348",-92.21229,47.48998
"1349",-92.96988,43.66275
"1350",-95.35759,45.94203
"1351",-94.86365,47.43923
"1352",-93.22121,44.81511
"1353",-96.36636,46.81876
"1354",-96.43333,45.28333
"1355",-95.6333,46.38333
"1356",-93.20201,45.39671
"1357",-96.49755,47.70227
"1358",-92.43993,46.65399
"1359",-95.67456,44.60908
"1360",-93.95766,46.48249
"1361",-95.86701,46.83619
"1362",-92.03336,46.84607
"1363",-93.52438,44.86173
"1364",-91.82587,47.87527
"1365",-93.19141,44.36316
"1366",-96.07459,46.28041
"1367",-95.4431,44.8182
"1368",-96.1739,47.6782
"1369",-90.42424,47.77967
"1370",-93.65498,47.2641
"1371",-92.9,44.66673
"1372",-92.92724,47.43003
"1373",-93.88315,44.53763
"1374",-93.3833,48.5667
"1375",-95.19445,47.22585
"1376",-95.11431,43.63042
"1377",-95.28408,44.2361
"1378",-94.35,45.9667
"1379",-94.85514,45.96538
"1380",-95.961,45.0132
"1381",-95.8158,44.3556
"1382",-94.50259,45.16728
"1383",-93.31155,45.14377
"1384",-94.00321,44.16776
"1385",-95.04994,43.94026
"1386",-95.90065,45.58973
"1387",-94.34178,44.88513
"1388",-94.4604,44.3126
"1389",-93.89615,45.23579
"1390",-93.14639,44.06599
"1391",-92.586,46.33901
"1392",-94.48333,46.33331
"1393",-93.3333,46.53331
"1394",-92.49808,44.06156
"1395",-95.76855,48.86976
"1396",-92.45033,44.48901
"1397",-94.25605,45.56468
"1398",-93.73651,45.49432
"1399",-92.8978,45.12472
"1400",-93.12616,45.00615
"1401",-95.60307,46.96295
"1402",-91.7402,47.0028
"1403",-94.19852,46.66054
"1404",-92.54677,47.47742
"1405",-92.03978,44.26532
"1406",-92.05507,44.05045
"1407",-91.6506,44.03682
"1408",-94.58712,47.05792
"1409",-95.00148,45.21186
"1410",-96.7687,48.1955
"1411",-92.8157,45.3932
"1412",-91.7,38.9
"1413",-94.2667,38.9167
"1414",-94.4667,39.05
"1415",-94.6,39.1667
"1416",-94.25,39.2167
"1417",-94.6,39.25
"1418",-94.5833,39.3833
"1419",-94.3667,36.75
"1420",-89.9167,37.8667
"1421",-90.7667,37.9333
"1422",-94,38
"1423",-94.5,38.0833
"1424",-90.4833,38.3
"1425",-92.8167,38.3
"1426",-90.7667,38.5333
"1427",-89.2667,36.66671
"1428",-91.00695,36.95852
"1429",-90.7808,39.16669
"1430",-90.24331,38.82242
"1431",-92.33483,38.89154
"1432",-93.29055,38.53531
"1433",-92.9833,37.71671
"1434",-94.35,37.0667
"1435",-91.78266,37.46112
"1436",-93.9667,40.03331
"1437",-91.35,39.7
"1438",-94.357,38.02
"1439",-92.18343,38.58154
"1440",-94.46016,37.05481
"1441",-94.40494,38.94876
"1442",-92.58293,40.19375
"1443",-93.62635,38.7434
"1444",-92.6167,37.6333
"1445",-94.47329,37.47624
"1446",-94.91981,40.34634
"1447",-90.2,36.98331
"1448",-93.8217,38.25208
"1449",-91.56984,37.95945
"1450",-94.3333,38.7333
"1451",-90.4462,38.8793
"1452",-90.55,37.1833
"1453",-90.41494,36.76757
"1454",-95.2667,40.0833
"1455",-94.84401,39.79725
"1456",-93.22415,39.67415
"1457",-93.23898,37.2174
"1458",-91.1,38.1667
"1459",-93.183,36.60698
"1460",-94.5647,39.47248
"1461",-91.1833,39.4667
"1462",-90.69039,38.71176
"1463",-88.6667,32.3667
"1464",-91,33.0833
"1465",-91,33.1333
"1466",-88.7833,33.2833
"1467",-89.75,33.8333
"1468",-89.2167,34.6667
"1469",-91.45,31.1667
"1470",-88.8833,31.8167
"1471",-90.1306,34.76244
"1472",-89.18921,31.07205
"1473",-91.1833,31.75
"1474",-88.51905,34.93915
"1475",-90.9545,33.7769
"1476",-90.58,32.54581
"1477",-89.70156,33.80512
"1478",-89.31659,31.3073
"1479",-90.00396,32.4476
"1480",-88.71185,30.43661
"1481",-88.72296,32.46763
"1482",-90.49305,34.49369
"1483",-91.3792,31.6167
"1484",-88.78366,33.27108
"1485",-89.69,30.48
"1486",-89.50345,30.29061
"1487",-90.24791,33.36239
"1488",-89.72216,34.46998
"1489",-90.3667,33.9667
"1490",-88.70119,34.22762
"1491",-90.90678,32.31078
"1492",-90.98565,33.097
"1493",-111.9833,46.6667
"1494",-114,46.8667
"1495",-114.1,47.4333
"1496",-111.6667,47.5
"1497",-114.0667,48.0667
"1498",-115.4667,48.3667
"1499",-109.7167,48.5
"1500",-112.1167,46.1167
"1501",-114.08883,48.09522
"1502",-107.8,45.3333
"1503",-108.4333,45.81671
"1504",-107.72867,48.39259
"1505",-111.0667,45.68331
"1506",-112.85786,45.00165
"1507",-110.9667,48.36671
"1508",-111.65,45.40001
"1509",-115.05191,48.87685
"1510",-106.44864,48.00936
"1511",-111.33639,47.46944
"1512",-112.765,46.3892
"1513",-113.99387,48.51998
"1514",-114.12687,46.25255
"1515",-111.9833,46.6833
"1516",-114.33051,48.24039
"1517",-109.42388,47.06686
"1518",-115.4667,48.38332
"1519",-108.52447,47.91677
"1520",-105.87546,46.42672
"1521",-114.03429,46.91321
"1522",-107.5333,48.53331
"1523",-108.542,46.44871
"1524",-114.1182,47.4281
"1525",-115.86905,48.02256
"1526",-110.4874,45.63935
"1527",-108.03033,45.9835
"1528",-112.194,45.435
"1529",-114.09218,46.51296
"1530",-111.55524,45.84514
"1531",-115.88935,48.46357
"1532",-111.5833,46.3
"1533",-113.70951,47.52696
"1534",-112.85896,46.20081
"1535",-111.29584,44.79915
"1536",-110.70068,45.02526
"1537",-67.7333,47.0333
"1538",-66.1,45.3
"1539",-65.0167,45.6167
"1540",-64.7333,45.6833
"1541",-64.8,46.1
"1542",-66.7889,45.05309
"1543",-64.77791,46.48738
"1544",-64.95583,47.79062
"1545",-63.91668,46.11673
"1546",-66.40593,47.98295
"1547",-68.32584,47.45947
"1548",-66.58323,45.91172
"1549",-65.0167,45.60002
"1550",-66.8,44.68332
"1551",-64.625,47.8117
"1552",-66.1714,45.8668
"1553",-64.9167,46.8167
"1554",-66.95865,45.94911
"1555",-64.6126,45.9
"1556",-65.4792,47.031
"1557",-64.78709,46.0854
"1558",-64.505,47.966
"1559",-65.9189,45.4795
"1560",-64.7333,45.68331
"1561",-67.0677,45.1833
"1562",-64.57542,46.27226
"1563",-67.78424,47.18919
"1564",-67.36676,45.20043
"1565",-64.36025,45.90425
"1566",-65.113,46.01469
"1567",-64.90927,47.52525
"1568",-67.6,46.1667
"1569",-78.05,33.9
"1570",-76.4667,34.6667
"1571",-76.7167,34.7667
"1572",-77.0333,35.0833
"1573",-77.0667,35.0833
"1574",-82.65,35.15
"1575",-82.6833,35.15
"1576",-79.35,35.2
"1577",-82.75,35.2333
"1578",-81.1333,35.2667
"1579",-78.8333,35.4333
"1580",-76.1833,35.45
"1581",-82.45,35.6667
"1582",-82.0167,35.7
"1583",-82.15,35.75
"1584",-78.6333,35.7833
"1585",-80.0167,35.9667
"1586",-75.7167,36.0167
"1587",-77.7333,36.0167
"1588",-81.1667,36.15
"1589",-79.7833,36.2333
"1590",-81.8,36.0833
"1591",-81.85,36.0833
"1592",-80.4333,36.3167
"1593",-77.5833,36.4
"1594",-77.6,36.4
"1595",-79.75,36.4167
"1596",-78.85,35.0667
"1597",-79.40031,36.06932
"1598",-76.08,35.77001
"1599",-82.40331,35.60002
"1600",-83.03657,35.45323
"1601",-75.54584,35.78243
"1602",-82.67221,35.18321
"1603",-76.93444,35.4719
"1604",-78.8479,35.10048
"1605",-75.60672,35.2188
"1606",-79.05577,35.91314
"1607",-80.87589,35.17649
"1608",-81.30956,35.79179
"1609",-78.89073,36.08682
"1610",-78.6162,35.9969
"1611",-83.43721,35.15311
"1612",-81.1334,35.2609
"1613",-81.75308,36.18875
"1614",-79.83701,36.11632
"1615",-77.23873,35.58848
"1616",-82.55301,35.34303
"1617",-77.73131,34.34065
"1618",-83.19712,35.05259
"1619",-80.2667,36.3951
"1620",-80.89972,35.89666
"1621",-79.0433,35.69501
"1622",-75.71847,36.03104
"1623",-78.3,34.60001
"1624",-79.1833,35.4333
"1625",-77.35121,34.62054
"1626",-82.1267,35.46722
"1627",-76.1333,35.45002
"1628",-76.7094,34.759
"1629",-81.45001,36.46677
"1630",-77.0833,35.05002
"1631",-81.20068,36.51851
"1632",-75.88331,35.15004
"1633",-76.65264,35.14351
"1634",-80.05,35.11671
"1635",-76.45,35.76672
"1636",-76.1167,35.00005
"1637",-80.5333,36.35
"1638",-78.65927,35.76215
"1639",-79.75,36.3833
"1640",-77.56505,36.40248
"1641",-77.83963,35.93852
"1642",-79.93811,36.43882
"1643",-78.81797,35.40948
"1644",-78.0265,33.93881
"1645",-81.57431,35.29505
"1646",-80.8689,35.44241
"1647",-81.0247,36.34469
"1648",-79.3167,35.21675
"1649",-82.23902,35.20879
"1650",-81.22044,36.09956
"1651",-77.98451,35.32386
"1652",-77.89359,34.14009
"1653",-80.3067,36.08403
"1654",-82.28792,35.87817
"1655",-98.85,47.2333
"1656",-101.6167,47.2833
"1657",-99.4333,48.2833
"1658",-100.6333,48.6
"1659",-103.8833,46.3667
"1660",-103.4833,46.6
"1661",-98.8167,47.25
"1662",-100.78264,46.82075
"1663",-100.49628,48.31172
"1664",-102.3167,46.8667
"1665",-102.0667,48.66671
"1666",-100.0833,48.8833
"1667",-96.8329,46.934
"1668",-101.32635,47.51189
"1669",-97.15339,47.93312
"1670",-101.62304,47.29443
"1671",-97.88347,48.83324
"1672",-98.75017,46.89904
"1673",-100.63736,48.60334
"1674",-102.39,47.21
"1675",-100.18506,46.69161
"1676",-102.56694,48.55768
"1677",-103.52619,46.91651
"1678",-101.29608,48.24
"1679",-97.3333,47.5
"1680",-98.9667,47.9333
"1681",-97.4167,46
"1682",-103.35603,47.60988
"1683",-101.56837,48.45222
"1684",-98.00002,46.93335
"1685",-100.4833,42.9
"1686",-96.75,40.2667
"1687",-98.4,40.55
"1688",-98.3833,40.8167
"1689",-100.8667,40.8333
"1690",-98.3667,40.85
"1691",-98.3333,40.9167
"1692",-95.8833,41.1
"1693",-102.4333,41.7667
"1694",-96.6167,41.45
"1695",-96.97595,40.93781
"1696",-98.1667,41.83331
"1697",-99.2667,41.35001
"1698",-103.4,42.6833
"1699",-98.7167,42
"1700",-99.32055,40.11109
"1701",-98.9833,41.2833
"1702",-96.74937,40.79922
"1703",-101.72401,41.20648
"1704",-97.42653,42.03263
"1705",-100.79994,41.11671
"1706",-95.8849,41.11428
"1707",-96.8039,42.59051
"1708",-103.64077,41.86745
"1709",-72.2833,42.9333
"1710",-71.0167,43.1167
"1711",-71.5833,43.4833
"1712",-71.5333,43.55
"1713",-71.88973,43.84383
"1714",-71.4117,44.22011
"1715",-71.53746,43.21919
"1716",-70.8333,42.98331
"1717",-71.13793,44.78113
"1718",-71.8495,43.6112
"1719",-72.2333,43.71671
"1720",-70.52281,43.03072
"1721",-72.31233,42.93027
"1722",-70.9833,43.16671
"1723",-71.5194,43.5548
"1724",-72.0498,43.38027
"1725",-71.75,44.26671
"1726",-71.30728,42.97072
"1727",-71.1167,44.1167
"1728",-71.54617,42.80489
"1729",-71.9667,42.91671
"1730",-71.28881,45.08887
"1731",-71.43973,43.80743
"1732",-74.7333,39.7667
"1733",-74.9333,39.95
"1734",-74.7333,39.9667
"1735",-74.6333,40.8167
"1736",-74.42418,40.16
"1737",-74.1667,39.66671
"1738",-74.3833,40.85001
"1739",-74.9333,39.25
"1740",-75.20039,39.33254
"1741",-74.87784,39.01233
"1742",-75.14276,39.58337
"1743",-74.40174,40.69827
"1744",-74.02921,40.93514
"1745",-73.98945,39.83565
"1746",-74.14507,40.01588
"1747",-74.05541,40.25019
"1748",-74.00089,40.77513
"1749",-74.64722,39.26467
"1750",-74.83427,39.48316
"1751",-74.9391,39.94222
"1752",-75.24417,39.77271
"1753",-74.90975,40.63645
"1754",-74.46045,39.44224
"1755",-74.73914,39.77009
"1756",-74.66486,40.341
"1757",-74.25414,41.09351
"1758",-74.35002,40.5167
"1759",-75.41423,39.61399
"1760",-74.00311,40.46997
"1761",-74.62196,40.58231
"1762",-74.63854,41.11857
"1763",-74.72757,40.19176
"1764",-74.35,39.6
"1765",-75.10013,40.78003
"1766",-75.0226,40.97598
"1767",-53.8667,48.5667
"1768",-55.5833,51.4
"1769",-55.5,51.6
"1770",-57.87569,49.51152
"1771",-57.88705,48.95375
"1772",-53.977,48.1618
"1773",-53.2167,47.6333
"1774",-53.12191,46.73919
"1775",-54.0833,46.86667
"1776",-52.91228,46.99265
"1777",-54.7123,48.96832
"1778",-57.79998,49.85008
"1779",-52.7239,47.5833
"1780",-58.54328,48.4999
"1781",-53.89545,48.63637
"1782",-104.1,32
"1783",-106.55,32.7333
"1784",-108.6,32.9667
"1785",-105.8333,33
"1786",-108.8833,33.3167
"1787",-105.6833,33.7833
"1788",-108.2167,35.3
"1789",-103.2167,36.5
"1790",-105.6,36.7
"1791",-109,31.7333
"1792",-105.17001,36.26008
"1793",-106.61671,35.1833
"1794",-106.89066,33.80512
"1795",-108.1027,35.2579
"1796",-107.31223,32.95297
"1797",-104.50294,32.17719
"1798",-104.75,35.225
"1799",-103.25457,36.51771
"1800",-104.53241,36.29272
"1801",-107.91056,36.03028
"1802",-103.16977,34.41937
"1803",-105.91667,36.1833
"1804",-103.1136,32.25412
"1805",-106.073,35.9905
"1806",-108.10202,36.78329
"1807",-106.70611,34.32427
"1808",-108.58401,32.91517
"1809",-104.29397,32.56608
"1810",-106.7167,32.30002
"1811",-105.95999,33.00002
"1812",-104.06672,32.291
"1813",-107.51667,33.08332
"1814",-106.28927,35.85595
"1815",-105.21516,35.59497
"1816",-104.64993,36.59544
"1817",-103.33997,33.64298
"1818",-105.7,36.33331
"1819",-105.67552,35.57472
"1820",-108.92356,31.74338
"1821",-105.61671,36.70007
"1822",-104.42425,36.90027
"1823",-104.39831,33.39702
"1824",-105.68076,33.39871
"1825",-108.26196,32.73815
"1826",-106.95,34.3167
"1827",-105.93011,35.67141
"1828",-106.34752,35.1631
"1829",-104.67032,34.95209
"1830",-106.67609,34.96396
"1831",-108.8167,35.03331
"1832",-65.65,43.45
"1833",-65.2667,44.3667
"1834",-64.0667,45.0833
"1835",-64.0833,45.0833
"1836",-64.3833,45.0833
"1837",-61.3333,45.5667
"1838",-60.3167,45.9167
"1839",-61.4667,46.0167
"1840",-59.95,46.2167
"1841",-64.9667,43.7833
"1842",-64.24999,45.73335
"1843",-61.91433,45.60066
"1844",-65.6037,44.7169
"1845",-64.79226,45.39661
"1846",-60.733,46.133
"1847",-64.44719,44.23335
"1848",-66.48848,44.26672
"1849",-65.28333,44.83333
"1850",-63.75319,44.72459
"1851",-65.11803,44.38134
"1852",-60.3833,46.7167
"1853",-65.61669,43.48344
"1854",-63.91443,45.38474
"1855",-60.6386,45.9233
"1856",-59.95,46.14171
"1857",-63.49468,44.60964
"1858",-63.3833,44.6833
"1859",-63.6333,44.5667
"1860",-64.95,44.98721
"1861",-59.9333,45.91671
"1862",-64.25826,44.4067
"1863",-61.11678,46.33298
"1864",-65.0333,43.7667
"1865",-62.61672,45.68343
"1866",-61.31672,45.60003
"1867",-62.5753,44.86995
"1868",-62.6423,45.48364
"1869",-60.75,45.6333
"1870",-63.41718,45.07052
"1871",-60.29231,46.17914
"1872",-63.25647,45.71096
"1873",-63.34381,45.36252
"1874",-64.0823,45.0498
"1875",-64.38625,45.08528
"1876",-64.7357,43.9659
"1877",-66.08812,43.83016
"1878",-115.4333,41.8833
"1879",-115.4167,41.9167
"1880",-119.1667,39
"1881",-119.7,39.25
"1882",-114.8333,39.3833
"1883",-118.1,40.45
"1884",-115.6,36.3
"1885",-116.29151,36.42526
"1886",-119.73323,39.17658
"1887",-115.31251,36.32755
"1888",-115.69872,40.74259
"1889",-114.86405,39.2355
"1890",-118.77297,39.39651
"1891",-114.95002,36.08328
"1892",-115.41424,41.95991
"1893",-119.7647,38.9542
"1894",-114.6242,36.67921
"1895",-119.51024,39.94403
"1896",-115.5,40.2
"1897",-115.4493,36.11112
"1898",-114.11612,38.93465
"1899",-119.82049,39.46791
"1900",-118.0667,40.45
"1901",-117.76057,40.87212
"1902",-118.5,38.69222
"1903",-78.4833,42.0833
"1904",-73.6667,42.3667
"1905",-74.95,42.5667
"1906",-74.4167,42.6667
"1907",-74.9,44.9667
"1908",-73.6167,43.3
"1909",-73.2667,40.6667
"1910",-73.9833,40.7667
"1911",-73.9833,40.7833
"1912",-72.45,40.8333
"1913",-73.7833,40.9
"1914",-74.9,44.9333
"1915",-73.55,41.5333
"1916",-73.89803,42.50464
"1917",-75.96475,42.15405
"1918",-73.65486,43.55811
"1919",-78.3721,42.67568
"1920",-73.94483,40.61604
"1921",-78.96507,43.00157
"1922",-73.78251,40.91165
"1923",-73.24931,40.70384
"1924",-77.61606,42.77756
"1925",-75.32494,43.08247
"1926",-73.6461,42.37966
"1927",-77.1333,42.1
"1928",-75.10547,44.6556
"1929",-76.2685,42.6735
"1930",-72.7838,40.83331
"1931",-73.88234,42.28705
"1932",-76.6167,42.8
"1933",-73.79331,41.68702
"1934",-76.8307,42.13968
"1935",-74.14731,41.48108
"1936",-73.59506,44.21509
"1937",-74.62474,42.93164
"1938",-79.27558,42.43273
"1939",-74.05,43.0333
"1940",-76.9833,42.86671
"1941",-78.74453,42.72235
"1942",-73.61656,43.29639
"1943",-74.9167,43.0333
"1944",-74.21696,42.49797
"1945",-73.577,41.53766
"1946",-76.42931,42.45315
"1947",-79.22843,42.10951
"1948",-74.38324,43.09154
"1949",-78.0057,42.74871
"1950",-74.89254,44.96561
"1951",-72,41.05
"1952",-74.12924,41.85159
"1953",-74.63213,41.56776
"1954",-76.73101,43.00289
"1955",-75.75,43.8
"1956",-73.5938,40.86597
"1957",-75.80821,42.83537
"1958",-75.65219,43.09568
"1959",-74.94999,43.73329
"1960",-78.39036,43.15165
"1961",-72.33459,41.10701
"1962",-76.47422,43.39825
"1963",-74.95,42.55
"1964",-76.35,42.11675
"1965",-73.80223,41.39903
"1966",-73.85,41.25002
"1967",-73.47369,44.6496
"1968",-73.74484,40.69316
"1969",-72.45236,40.85906
"1970",-73.98955,41.14797
"1971",-77.64135,43.22322
"1972",-75.4732,43.3035
"1973",-73.41342,43.13521
"1974",-78.48444,42.10824
"1975",-72.2287,40.9298
"1976",-75.49893,42.67825
"1977",-74.15,40.58331
"1978",-76.41238,42.94883
"1979",-74.073,44.3167
"1980",-73.13858,40.91331
"1981",-73.59066,40.6298
"1982",-78.06671,42.16676
"1983",-73.63792,42.61569
"1984",-73.69503,43.07441
"1985",-73.92684,42.74486
"1986",-74.34155,41.30223
"1987",-76.0833,43.10001
"1988",-73.65682,42.83333
"1989",-73.9537,42.02799
"1990",-75.98427,44.00709
"1991",-76.87347,42.38058
"1992",-78.6667,43.23331
"1993",-82.9833,39.1833
"1994",-83.5,39.2
"1995",-82.3667,39.4833
"1996",-84.7167,39.5
"1997",-82.45,40.2333
"1998",-81.6167,40.25
"1999",-80.75,40.4
"2000",-82.9333,40.7167
"2001",-80.7167,41
"2002",-84.4333,41.35
"2003",-83.1167,41.3667
"2004",-82.8333,41.45
"2005",-82.8167,41.65
"2006",-82.7333,41.7
"2007",-80.9833,41.7667
"2008",-80.65744,41.89461
"2009",-82.29932,40.81665
"2010",-82.15,39.3
"2011",-80.66597,40.71056
"2012",-82.4828,40.43371
"2013",-82.4833,39.93331
"2014",-84.37,41.11002
"2015",-81.20336,41.47445
"2016",-82.79734,39.05924
"2017",-82.9177,40.80919
"2018",-81.08468,40.29918
"2019",-83.7798,39.9214
"2020",-81.48319,41.1338
"2021",-81.79991,39.85022
"2022",-84.3,39.10001
"2023",-81.50385,41.5723
"2024",-82.93154,39.98511
"2025",-84.0224,39.501
"2026",-83.34696,40.92027
"2027",-84.17945,39.81995
"2028",-83.05331,40.39536
"2029",-84.0253,38.98709
"2030",-82.18972,41.38416
"2031",-83.36608,39.62694
"2032",-82.55772,41.33476
"2033",-83.07661,41.3562
"2034",-83.9115,39.7219
"2035",-84.50003,40.51683
"2036",-83.807,41.506
"2037",-84.60716,40.09922
"2038",-84.34833,41.55203
"2039",-82.8667,41.5
"2040",-84.53603,39.40044
"2041",-82.56647,39.49932
"2042",-82.9412,40.19053
"2043",-83.9167,40.48331
"2044",-82.8667,39.46672
"2045",-83.36189,40.64364
"2046",-82.75449,41.68074
"2047",-81.85764,41.46023
"2048",-82.60192,39.71373
"2049",-82.54863,40.70416
"2050",-81.2333,41.7
"2051",-82.8167,40.55
"2052",-81.94812,40.53284
"2053",-82.30421,40.58185
"2054",-81.25893,41.70035
"2055",-82.28262,39.71444
"2056",-84.38,41.3264
"2057",-83.21671,40.21672
"2058",-83.20055,41.61142
"2059",-84.71693,39.50776
"2060",-83.44504,39.26218
"2061",-82.66553,40.99522
"2062",-83.1086,38.77984
"2063",-84.57248,39.68488
"2064",-81.25301,41.26172
"2065",-81.2829,40.97796
"2066",-81.62882,40.43984
"2067",-83.62072,41.32561
"2068",-80.83854,40.86755
"2069",-81.61581,41.31763
"2070",-81.4167,40.1167
"2071",-80.7333,40.4
"2072",-80.85715,41.38446
"2073",-83.13113,41.10975
"2074",-83.5333,41.65
"2075",-81.04586,41.1026
"2076",-84.58052,40.86889
"2077",-81.5667,39.4833
"2078",-82.2,41.15
"2079",-81.64105,40.67195
"2080",-82.01892,40.74635
"2081",-80.69825,41.04673
"2082",-82.05,40.0333
"2083",-94.6,34.1333
"2084",-94.6833,34.2
"2085",-99.6333,34.4833
"2086",-97.9667,34.6667
"2087",-98.35,34.7167
"2088",-95.0167,35.4333
"2089",-97.3167,35.5667
"2090",-97.6,35.9667
"2091",-98.5167,36.0167
"2092",-97.1667,36.1
"2093",-95.9167,36.2167
"2094",-95.9167,36.3
"2095",-99.5833,36.5833
"2096",-97.2167,35.5667
"2097",-99.81028,36.05694
"2098",-94.70481,34.0554
"2099",-96.99595,34.45649
"2100",-95.3167,35.85001
"2101",-96.08728,36.92889
"2102",-102.89116,36.90333
"2103",-95.97,34.54971
"2104",-97.37674,35.26552
"2105",-97.58342,35.53681
"2106",-95.63261,36.37221
"2107",-94.65971,33.79406
"2108",-97.7833,34.56671
"2109",-94.96949,34.49847
"2110",-97.06719,36.40323
"2111",-98.1789,36.785
"2112",-97.17649,36.14517
"2113",-94.95005,36.40002
"2114",-96.65,34.18333
"2115",-96.4333,36.85001
"2116",-95.90215,36.32205
"2117",-99.27967,35.64948
"2118",-98.6667,34.7333
"2119",-82.5333,42
"2120",-82.5333,42.0167
"2121",-79.6667,47.5
"2122",-82.4,42.3667
"2123",-80.5167,42.85
"2124",-80.2167,42.8667
"2125",-81.8333,43.2333
"2126",-77.6833,44
"2127",-77.6667,44.0167
"2128",-76.4833,44.2
"2129",-78.35,44.55
"2130",-75.6667,44.5833
"2131",-76.4,44.6833
"2132",-79.8833,44.7
"2133",-84.35,46.5
"2134",-78.8333,43.8167
"2135",-79.4333,43.9167
"2136",-76.6757,44.0927
"2137",-78.40004,45.56673
"2138",-74.96511,45.58572
"2139",-91.59833,48.75131
"2140",-79.74552,44.36202
"2141",-79.09884,44.34539
"2142",-79.50519,45.67183
"2143",-81.9372,42.3403
"2144",-77.85805,45.05939
"2145",-80.35652,43.10426
"2146",-81.57836,45.20427
"2147",-75.7894,44.6283
"2148",-77.38322,44.16272
"2149",-79.6081,44.13051
"2150",-80.25816,43.30758
"2151",-82.87267,42.06937
"2152",-80.0333,43.8667
"2153",-81.0184,44.94101
"2154",-81.30062,45.12776
"2155",-80.20712,44.4551
"2156",-76.14694,45.14074
"2157",-79.0425,44.6372
"2158",-76.02033,45.42223
"2159",-76.09864,44.59095
"2160",-77.48792,46.10074
"2161",-79.56429,42.92123
"2162",-92.83628,49.7822
"2163",-93.3167,50.6167
"2164",-77.1021,45.57882
"2165",-93.53954,48.64899
"2166",-75.05001,45.36602
"2167",-76.5521,44.4849
"2168",-79.90383,42.88152
"2169",-79.28331,44.95002
"2170",-79.7536,44.887
"2171",-76.28489,44.37354
"2172",-80.21626,43.52385
"2173",-79.88523,43.26788
"2174",-83.03703,42.13332
"2175",-79.92217,43.62744
"2176",-79.21781,45.32643
"2177",-81.06805,44.20289
"2178",-91.68328,49.48354
"2179",-80.9338,42.9994
"2180",-77.4167,45.55
"2181",-81.62273,44.08922
"2182",-94.44942,49.78426
"2183",-76.46109,44.20602
"2184",-81.4,46.0167
"2185",-79.72737,43.81959
"2186",-81.8816,43.171
"2187",-80.48656,43.44938
"2188",-78.7167,44.56671
"2189",-76.46312,45.0205
"2190",-80.7284,43.58149
"2191",-81.31088,42.95358
"2192",-80.39083,42.62111
"2193",-86.28908,48.70765
"2194",-80.64164,47.94043
"2195",-80.57138,44.53462
"2196",-82.44471,45.85666
"2197",-80.23898,46.27654
"2198",-82.17826,45.72477
"2199",-78.71674,44.91682
"2200",-94.35,49.03334
"2201",-76.8,44.4167
"2202",-85.8325,49.1304
"2203",-82.0753,46.21261
"2204",-76.91032,44.22219
"2205",-79.38254,46.31031
"2206",-79.06671,43.16671
"2207",-88.29997,48.95038
"2208",-79.75176,47.45627
"2209",-82.81974,42.2926
"2210",-75.69965,45.42471
"2211",-78.5433,43.9794
"2212",-79.50004,44.58344
"2213",-80.94294,44.56769
"2214",-78.8141,43.9085
"2215",-76.3334,45.33379
"2216",-81.31435,44.90934
"2217",-79.25484,42.87693
"2218",-76.96206,44.00312
"2219",-78.01182,44.66488
"2220",-79.68754,43.48782
"2221",-79.09715,43.90208
"2222",-77.1425,45.8156
"2223",-82.6167,46.4667
"2224",-78.25508,43.99699
"2225",-82.52651,42.01864
"2226",-77.70002,44.01676
"2227",-79.67098,43.14621
"2228",-78.3332,44.3208
"2229",-80.79189,42.68079
"2230",-76.68308,45.47139
"2231",-76.1407,44.8475
"2232",-79.45043,43.92612
"2233",-75.85086,45.21866
"2234",-78.01236,44.13321
"2235",-77.22813,43.89205
"2236",-79.36752,43.11516
"2237",-81.04922,46.50126
"2238",-80.9844,43.3164
"2239",-78.72288,44.32929
"2240",-76.6667,44.85
"2241",-82.35001,42.36673
"2242",-81.8841,42.6245
"2243",-81.45667,43.35
"2244",-81.35663,44.39358
"2245",-84.36073,46.50836
"2246",-81.12288,42.73367
"2247",-79.39451,44.22765
"2248",-81.6133,42.8931
"2249",-89.28405,48.41611
"2250",-75.98327,44.34728
"2251",-79.4104,43.70859
"2252",-79.10069,44.11391
"2253",-74.65466,45.51634
"2254",-76.39332,44.67072
"2255",-81.58329,42.63331
"2256",-81.17676,44.73436
"2257",-82.38335,42.6337
"2258",-79.8831,44.69455
"2259",-80.22025,42.85952
"2260",-80.7124,43.17251
"2261",-84.78501,47.96997
"2262",-124.3667,42.35
"2263",-124.3,43.1167
"2264",-118.9167,43.2
"2265",-120.85,44.3
"2266",-121.1833,44.4667
"2267",-117.8333,44.6167
"2268",-120.7833,44.8167
"2269",-122.8833,45.1833
"2270",-123.1333,45.4667
"2271",-121.5333,45.6167
"2272",-123.4833,43.8833
"2273",-119.8833,42.1833
"2274",-123.17444,44.71305
"2275",-120.80253,44.87779
"2276",-122.61701,42.16067
"2277",-119.75,44.55
"2278",-117.83922,44.8619
"2279",-117.87238,44.65505
"2280",-121.3109,44.06415
"2281",-122.96713,44.3536
"2282",-119.05452,43.58618
"2283",-124.29734,43.37586
"2284",-123.9461,46.2192
"2285",-123.26954,44.50709
"2286",-124.29833,43.115
"2287",-123.3384,44.89648
"2288",-123.17902,44.07682
"2289",-123.12695,45.48514
"2290",-124.06674,44.03344
"2291",-123.36687,42.41857
"2292",-119.7667,42.48336
"2293",-121.5667,45.61671
"2294",-123.5667,42.16673
"2295",-118.95266,44.4161
"2296",-121.73513,42.15952
"2297",-122.9117,42.15781
"2298",-123.9833,45
"2299",-124.0033,44.9463
"2300",-117.15,43.75
"2301",-118.8798,42.89978
"2302",-121.13313,44.72784
"2303",-122.85588,42.40262
"2304",-123.9,45.1833
"2305",-122.44996,43.73331
"2306",-122.7,45.5167
"2307",-124.48282,42.81965
"2308",-120.75001,44.36677
"2309",-117.1447,44.8494
"2310",-121.11949,44.26351
"2311",-119.7167,45.2167
"2312",-124.15023,43.73066
"2313",-123.34731,43.31768
"2314",-123.0388,44.94372
"2315",-118.8833,43.2
"2316",-122.80084,45.75617
"2317",-122.70646,44.96598
"2318",-121.8665,44.4209
"2319",-121.55274,43.87295
"2320",-123.8167,44.1333
"2321",-121.5625,44.3
"2322",-120.77784,42.9731
"2323",-122.9755,44.5699
"2324",-123.8833,45.51671
"2325",-122.83,45.317
"2326",-121.17456,45.2525
"2327",-117.8833,45.25001
"2328",-118.6667,45.60001
"2329",-123.58067,45.26622
"2330",-121.19367,44.48215
"2331",-117.2372,43.9822
"2332",-117.20092,45.37477
"2333",-124.06423,44.58655
"2334",-123.2815,45.1579
"2335",-75.5167,41.8667
"2336",-80.0833,42.1667
"2337",-76.85,39.8167
"2338",-79.4667,39.8667
"2339",-76.6333,39.9833
"2340",-75.1333,40.0833
"2341",-78.95,40.1
"2342",-75.0667,40.1333
"2343",-76.0167,40.1333
"2344",-79.6167,40.35
"2345",-75.3333,40.4
"2346",-79.5667,40.4
"2347",-75.2833,40.4167
"2348",-77.1667,40.4167
"2349",-79.9833,40.5167
"2350",-77.3667,40.65
"2351",-79.05,40.65
"2352",-80.3,40.6833
"2353",-75.3,40.8333
"2354",-75.6833,40.8667
"2355",-75.55,40.95
"2356",-78.7167,41.1333
"2357",-79.05,41.15
"2358",-78.8,41.25
"2359",-79.9833,41.6
"2360",-75.42599,40.13406
"2361",-79.67824,40.73453
"2362",-77.66047,41.01492
"2363",-78.59144,40.00255
"2364",-75.31692,40.61845
"2365",-80.4458,40.20001
"2366",-76.54601,41.06295
"2367",-76.14921,40.41481
"2368",-79.50001,40.39999
"2369",-80.0714,40.9811
"2370",-80.35537,40.73184
"2371",-78.37509,41.25041
"2372",-75.10167,40.31022
"2373",-77.58337,39.90004
"2374",-80.05953,39.93044
"2375",-79.45649,41.18189
"2376",-76.83331,40.56671
"2377",-78.26057,40.58037
"2378",-75.9833,41.31672
"2379",-74.91419,41.17124
"2380",-75.083,41.737
"2381",-78.75,41.13332
"2382",-75.7667,40.13335
"2383",-78.26009,41.48109
"2384",-80.0333,42.08331
"2385",-80.17824,41.18084
"2386",-77.31766,39.83045
"2387",-78.87751,40.51725
"2388",-75.37289,39.89918
"2389",-75.92694,40.59944
"2390",-76.9349,40.23402
"2391",-77.93853,40.56645
"2392",-80.26941,40.48832
"2393",-79.14076,40.61498
"2394",-78.96731,40.10408
"2395",-76.36141,39.99207
"2396",-74.89707,40.17652
"2397",-76.53445,40.38008
"2398",-76.98413,40.93966
"2399",-77.3667,41.13337
"2400",-80.42963,41.6028
"2401",-78.07161,40.37389
"2402",-77.36708,40.54715
"2403",-75.6059,40.5479
"2404",-76.30243,40.22612
"2405",-77.20102,41.77306
"2406",-79.1667,39.7333
"2407",-77.15003,40.40025
"2408",-77.06333,41.4484
"2409",-76.1167,41.08331
"2410",-77.36809,40.14924
"2411",-77.46758,40.85499
"2412",-79.97027,40.50908
"2413",-79.54344,41.55851
"2414",-75.27972,41.00496
"2415",-80.05421,40.28282
"2416",-75.04118,40.06596
"2417",-80.4167,40.5
"2418",-75.8667,40.36672
"2419",-79.24185,40.16133
"2420",-80.4,39.86671
"2421",-76.2747,41.7033
"2422",-77.8,40.8
"2423",-76.16979,39.8172
"2424",-75.66227,41.40812
"2425",-80.0276,40.7328
"2426",-75.8667,41.8333
"2427",-76.42753,40.59805
"2428",-75.93806,40.81667
"2429",-75.51611,41.86583
"2430",-75.94764,41.53637
"2431",-75.365,40.40361
"2432",-75.6,39.96673
"2433",-76.93546,41.25015
"2434",-75.49811,40.85001
"2435",-75.20385,41.52645
"2436",-75.90195,39.93686
"2437",-79.14501,41.84379
"2438",-80.20986,40.12882
"2439",-75.12801,40.12235
"2440",-76.8893,39.78939
"2441",-77.0958,40.04335
"2442",-68.4333,48.4167
"2443",-68.1667,48.55
"2444",-72.7333,45.1833
"2445",-71.9667,45.3167
"2446",-74.1667,45.3833
"2447",-73.81951,45.63403
"2448",-72.43688,45.22352
"2449",-73.11411,45.10382
"2450",-70.71664,46.18245
"2451",-73.16662,45.81706
"2452",-70.45624,47.03749
"2453",-72.76991,45.1358
"2454",-72.49251,45.88722
"2455",-64.29091,48.82406
"2456",-72.1586,45.10367
"2457",-72.71,45.39373
"2458",-73.46832,45.1066
"2459",-74.13186,45.38961
"2460",-61.93533,47.30006
"2461",-70.56406,46.35433
"2462",-71.96896,45.32408
"2463",-70.8992,45.4858
"2464",-73.49015,45.65362
"2465",-69.9833,47.4
"2466",-74.23481,45.60263
"2467",-65.7667,49.2
"2468",-73.71961,45.81031
"2469",-73.64434,45.45252
"2470",-67.10559,47.97345
"2471",-65.78321,48.20031
"2472",-71.57694,46.68015
"2473",-73.20983,45.54814
"2474",-64.33447,48.52558
"2475",-71.25321,46.79523
"2476",-66.5833,49.0667
"2477",-73.9982,45.21442
"2478",-73.24299,45.30908
"2479",-73.0333,46.00001
"2480",-72.492,46.3411
"2481",-73.4333,45.8975
"2482",-71.5667,41.1667
"2483",-71.1667,41.5
"2484",-71.57773,41.23239
"2485",-71.15659,41.53694
"2486",-71.8167,41.3222
"2487",-71.64356,41.84745
"2488",-71.55879,41.42953
"2489",-80.3667,33.4833
"2490",-80.6833,33.8667
"2491",-80.9833,33.95
"2492",-82.0333,34.1667
"2493",-82.7167,34.4833
"2494",-80.48131,32.61263
"2495",-81.61791,33.56356
"2496",-79.7,32.93331
"2497",-81.2167,34.7
"2498",-80.7476,33.7612
"2499",-82.83645,34.63457
"2500",-80.9214,33.93
"2501",-80.2249,34.50411
"2502",-80.421,33.21132
"2503",-82.3167,34.7833
"2504",-80.75,32.20002
"2505",-82.97872,34.81369
"2506",-82.3333,34.00002
"2507",-80.5397,32.39944
"2508",-79.09037,33.49082
"2509",-81.17119,34.03462
"2510",-80.8368,34.35479
"2511",-79.40366,33.10034
"2512",-82.3458,35.00971
"2513",-79.73793,34.21577
"2514",-80.48251,33.73941
"2515",-82.61124,34.26033
"2516",-80.9232,32.35122
"2517",-80.1146,32.6296
"2518",-80.408,33.5104
"2519",-81.95001,34.90002
"2520",-81.6167,33.20002
"2521",-79.2292,33.24581
"2522",-81.106,34.95653
"2523",-101.5667,43.1
"2524",-98.5333,43.15
"2525",-98.2,44.35
"2526",-96.85,45.4167
"2527",-98.5,45.45
"2528",-101.9417,43.74906
"2529",-99.5333,44.0833
"2530",-102.46125,45.52031
"2531",-96.8833,44.25001
"2532",-96.54941,43.301
"2533",-103.45,43.3667
"2534",-98.21416,44.35613
"2535",-98.53337,43.11687
"2536",-101.6,43.1167
"2537",-97.09992,43.95605
"2538",-98.0245,43.7148
"2539",-100.34634,44.36698
"2540",-103.42322,44.22207
"2541",-102.64757,43.10901
"2542",-103.2472,44.07687
"2543",-96.71149,43.56211
"2544",-102.17676,45.8325
"2545",-98.25003,45.78342
"2546",-103.86418,44.51982
"2547",-103.51466,44.41681
"2548",-97.32676,45.42486
"2549",-97.3833,42.93332
"2550",-107.95004,52.00001
"2551",-102.57949,50.37165
"2552",-106.5167,52.26667
"2553",-105.4119,49.10845
"2554",-104.80926,50.70872
"2555",-108.8167,49.5167
"2556",-102.96114,49.10693
"2557",-106.28333,52.06667
"2558",-103.79465,50.76965
"2559",-109.83694,49.54391
"2560",-106.99032,51.29756
"2561",-109.81736,49.15994
"2562",-107.7,51.73331
"2563",-102.35,50.0167
"2564",-105.23336,51.36684
"2565",-107.03586,50.40922
"2566",-106.8167,51.86667
"2567",-106.54999,51.01671
"2568",-104.61833,50.50009
"2569",-106.67036,52.07135
"2570",-108.7,52.3833
"2571",-102.1642,51.0365
"2572",-107.8833,50.25
"2573",-102.25831,50.33192
"2574",-102.4833,51.2
"2575",-85.2833,35.0333
"2576",-88.75,35.3833
"2577",-86.9,35.5333
"2578",-86.9,35.55
"2579",-83.4833,35.6667
"2580",-82.5,36.0833
"2581",-86.3667,36.25
"2582",-86.65,36.3
"2583",-87.1167,36.3167
"2584",-86.8667,36.5
"2585",-82.09991,36.60582
"2586",-87.45727,35.30005
"2587",-88.0821,36.3405
"2588",-83.8333,35.6
"2589",-87.7528,36.476
"2590",-85.22918,35.10402
"2591",-87.3833,36.50001
"2592",-87.7751,35.7081
"2593",-87.16128,35.59901
"2594",-85.01689,35.86209
"2595",-85.47467,36.1448
"2596",-85.36667,36.49951
"2597",-88.7,36.2833
"2598",-85.85001,36.02003
"2599",-87.92108,35.9474
"2600",-82.12628,36.34133
"2601",-89.42,35.20003
"2602",-86.05668,35.30203
"2603",-83.48628,35.71455
"2604",-84.91999,35.3655
"2605",-86.66344,36.19256
"2606",-88.82051,35.61188
"2607",-82.5167,36.50002
"2608",-84.07964,35.91357
"2609",-86.3892,36.1944
"2610",-89.9333,35.15001
"2611",-86.3918,35.8461
"2612",-86.92873,36.05449
"2613",-85.51125,35.06638
"2614",-84.09266,36.22417
"2615",-87.8667,35.725
"2616",-89.38331,36.41673
"2617",-82.1108,36.1063
"2618",-88.16663,35.16322
"2619",-81.85001,36.50013
"2620",-85.77705,35.67482
"2621",-85.598,35.90824
"2622",-102.05,32.0167
"2623",-101.7,32.1667
"2624",-99.95,32.2
"2625",-100.8833,32.2833
"2626",-99.7667,32.35
"2627",-101.1667,32.5833
"2628",-94.4167,32.7833
"2629",-97.0333,33.1333
"2630",-101.15,33.55
"2631",-101.75,33.55
"2632",-96.7333,33.7167
"2633",-101.7,34.1833
"2634",-102.75,34.4333
"2635",-100.5333,34.7167
"2636",-102.1333,34.8667
"2637",-102.1167,34.9
"2638",-100.1667,35.9
"2639",-97.45,25.9333
"2640",-97.4,26.2167
"2641",-97.35,26.2333
"2642",-97.3833,26.2333
"2643",-97.4167,26.2333
"2644",-97.5,26.5
"2645",-99.1667,26.75
"2646",-97.75,26.8333
"2647",-97.3333,27.3333
"2648",-97.3333,27.4
"2649",-98.1333,27.7167
"2650",-96.8667,28.2
"2651",-95.5833,28.8667
"2652",-103.4833,29.2
"2653",-103.25,29.25
"2654",-94.8667,29.3333
"2655",-104.2833,29.5167
"2656",-95.0667,29.55
"2657",-97.5,29.5833
"2658",-97.5833,29.6
"2659",-96.3667,29.6333
"2660",-95.55,29.75
"2661",-94.0333,29.7667
"2662",-98.7333,29.7833
"2663",-100,29.8167
"2664",-95.7333,29.9167
"2665",-95.75,29.9167
"2666",-93.85,30.0167
"2667",-93.7333,30.0667
"2668",-103.6,30.0833
"2669",-97.2167,30.1
"2670",-95.45,30.1333
"2671",-97.7,30.1833
"2672",-97.8667,30.35
"2673",-95.6333,30.45
"2674",-95.6333,30.4667
"2675",-103.7167,30.4667
"2676",-103.8,30.4667
"2677",-96.3,30.5833
"2678",-103.9,30.6833
"2679",-101.75,30.75
"2680",-94.1667,30.8333
"2681",-95.3167,30.8667
"2682",-100.65,30.8667
"2683",-95.3167,30.9333
"2684",-95.1667,31.0667
"2685",-95.45,31.4333
"2686",-98.6667,31.5
"2687",-97.45,31.5333
"2688",-106.4833,31.8333
"2689",-97.7,31.8833
"2690",-99.75021,32.35009
"2691",-101.70207,34.98515
"2692",-96.3667,29.6344
"2693",-96.8833,28.2333
"2694",-97.69804,30.18339
"2695",-95.04893,29.54976
"2696",-98.39435,26.22348
"2697",-103.74587,30.98582
"2698",-97.24843,30.0866
"2699",-98.0179,30.60419
"2700",-94.20001,30.76675
"2701",-95.56991,29.77151
"2702",-103.04441,29.18257
"2703",-102.04284,34.91866
"2704",-98.275,30.75142
"2705",-98.79007,29.86664
"2706",-94.46684,29.55035
"2707",-95.5657,29.1521
"2708",-101.4162,32.23913
"2709",-97.45,30.96672
"2710",-97.47483,25.93275
"2711",-95.6688,29.3734
"2712",-96.00235,33.74054
"2713",-98.3167,29.2833
"2714",-97.58331,27.83337
"2715",-96.95103,32.59313
"2716",-103.35,30.11
"2717",-97.29385,27.65837
"2718",-97,32.6167
"2719",-98.3082,28.49133
"2720",-96.6833,33.3333
"2721",-103.29663,29.26783
"2722",-101.25306,29.71036
"2723",-99.34293,28.36089
"2724",-97.35557,31.55596
"2725",-96.31749,30.59296
"2726",-97.23335,26.02781
"2727",-95.89005,29.95612
"2728",-96.83118,32.8258
"2729",-104.00929,30.64703
"2730",-100.95855,29.46512
"2731",-106.47981,31.78275
"2732",-100.42039,29.30519
"2733",-99.0884,26.49666
"2734",-97.74345,31.21301
"2735",-95.35506,29.01721
"2736",-97.4715,32.76613
"2737",-94.8333,29.33331
"2738",-96.00001,30.58333
"2739",-96.86351,28.53298
"2740",-104.81373,31.8923
"2741",-97.40188,30.70624
"2742",-97.7395,30.69991
"2743",-96.74438,33.7807
"2744",-95.32205,29.73104
"2745",-97.6813,26.17697
"2746",-94.94919,29.74971
"2747",-106.04121,31.81174
"2748",-95.55196,30.71559
"2749",-100.27291,35.92173
"2750",-96.4981,28.7232
"2751",-97.85505,27.46583
"2752",-99.17566,30.06464
"2753",-97.38139,26.23913
"2754",-99.496,29.803
"2755",-99.4167,27.50004
"2756",-101.6167,35.68331
"2757",-94.71623,32.37653
"2758",-95.18,29.94
"2759",-95.9167,32.7667
"2760",-95.0833,30.7167
"2761",-94.59473,32.80013
"2762",-97.4397,30.2209
"2763",-96.53633,32.92963
"2764",-97.96487,26.48494
"2765",-101.79247,33.58487
"2766",-96.99289,33.03008
"2767",-101.78331,35.51675
"2768",-96.61535,33.15845
"2769",-102.0333,31.95
"2770",-95.9833,28.6833
"2771",-105.7871,31.2682
"2772",-102.77834,33.95633
"2773",-100.2,34.05002
"2774",-94.65631,31.53321
"2775",-98.1167,29.70002
"2776",-93.905,30.07411
"2777",-94.72627,29.87763
"2778",-96.7167,29.7333
"2779",-97.10004,27.85023
"2780",-94.9459,30.63315
"2781",-97.5833,29.58333
"2782",-96.4785,28.4355
"2783",-98.2933,32.7578
"2784",-95.5667,33.75
"2785",-95.76645,31.76242
"2786",-99.6831,34.32845
"2787",-101.07393,34.43457
"2788",-96.07276,32.0299
"2789",-100.49986,31.91612
"2790",-97.11672,28.06689
"2791",-104.6667,29.95
"2792",-98.19169,26.1492
"2793",-95.56671,28.86674
"2794",-95.44317,30.1268
"2795",-100.48226,31.44395
"2796",-95.09671,30.1672
"2797",-97.9649,29.8965
"2798",-101.7,32.0833
"2799",-93.95634,29.73339
"2800",-98.608,29.3148
"2801",-96.65771,32.64066
"2802",-94.31672,30.51677
"2803",-94.2082,33.2784
"2804",-94.97998,30.28604
"2805",-96.1,32.15
"2806",-94.42101,31.96096
"2807",-95.29915,32.27772
"2808",-99.78616,29.20958
"2809",-97.1167,32.76671
"2810",-97.07842,28.87233
"2811",-97.04508,31.5194
"2812",-97.6667,33.25001
"2813",-98.62976,33.88768
"2814",-99.43284,30.08928
"2815",-98.0296,30.3553
"2816",-101.10819,33.48204
"2817",-97.94211,26.15068
"2818",-97.41705,28.11355
"2819",-110.3333,40.25
"2820",-109.25,40.3667
"2821",-109.4167,40.9167
"2822",-112.1667,37.6
"2823",-113.1333,37.7333
"2824",-112.8667,37.8833
"2825",-111.8333,41.75
"2826",-109.5667,38.5833
"2827",-109.5667,38.7
"2828",-112.1611,41.00472
"2829",-112.1699,37.56977
"2830",-109.5583,37.28278
"2831",-111.33333,41.86674
"2832",-111.424,37.909
"2833",-112.26752,41.48039
"2834",-113.11104,37.685
"2835",-109.7304,38.50453
"2836",-109.34558,40.36981
"2837",-111.67722,37.74222
"2838",-113.39901,39.81072
"2839",-111.4322,40.50654
"2840",-111.91349,40.45261
"2841",-112.51671,37.03336
"2842",-111.83335,41.79927
"2843",-111.60536,41.02061
"2844",-109.45,38.56672
"2845",-112.06403,41.21984
"2846",-109.3533,40.11233
"2847",-111.7598,40.0437
"2848",-111.4818,40.72655
"2849",-111.66883,40.25255
"2850",-113.6,37.14999
"2851",-111.88842,40.76949
"2852",-113.3675,37.25311
"2853",-112.29855,40.53074
"2854",-111.3744,38.29888
"2855",-112.98042,37.2093
"2856",-78.4333,38.9
"2857",-79.8167,36.7333
"2858",-76.4667,36.8667
"2859",-76.25,36.9167
"2860",-80.4167,37.2333
"2861",-79.9333,37.2833
"2862",-79.0833,37.55
"2863",-75.7167,37.6833
"2864",-79.5,37.8
"2865",-79.8333,37.8167
"2866",-78.9833,37.9167
"2867",-78.8,37.95
"2868",-78.95,38
"2869",-79.1167,38.1167
"2870",-77.65,38.2833
"2871",-77.2,38.7
"2872",-77.55,38.6167
"2873",-78.99132,38.20458
"2874",-81.92645,37.00156
"2875",-78.72633,38.16982
"2876",-81.91283,37.23907
"2877",-82.23596,37.25126
"2878",-77.32865,38.37025
"2879",-80.46902,37.2153
"2880",-78.81008,36.7327
"2881",-78.56669,38.06677
"2882",-75.94098,37.18992
"2883",-79.7667,37.8167
"2884",-77.6744,38.29114
"2885",-75.36687,37.96716
"2886",-77.61979,39.09049
"2887",-77.89127,39.12424
"2888",-79.39808,36.82653
"2889",-79.42334,36.58518
"2890",-77.19388,38.70901
"2891",-79.87335,37.52756
"2892",-78.18927,38.14269
"2893",-81.77873,36.78832
"2894",-77.28421,37.367
"2895",-78.3,36.6
"2896",-77.81394,38.08504
"2897",-76.09938,36.85084
"2898",-79.47692,37.84804
"2899",-79.1942,37.39863
"2900",-76.31433,37.43986
"2901",-77.4315,38.83865
"2902",-79.8,36.7333
"2903",-81.61123,36.6729
"2904",-82.4167,36.75
"2905",-76.3781,37.7638
"2906",-76.39557,37.07991
"2907",-77.54081,38.67013
"2908",-76.43331,36.84718
"2909",-78.1667,39.05006
"2910",-75.7859,37.43731
"2911",-79.6,37.45
"2912",-80.05,36.8833
"2913",-79.03938,38.43176
"2914",-79.94455,37.30342
"2915",-78.45723,38.59479
"2916",-81.49338,37.13258
"2917",-77.8667,38.80001
"2918",-77.0313,37.6809
"2919",-76.94779,38.11426
"2920",-82.64349,36.94184
"2921",-76.69871,37.27922
"2922",-75.69982,37.67073
"2923",-78.55,37.85001
"2924",-78.955,37.98096
"2925",-73.1667,44.9
"2926",-72.00096,44.32591
"2927",-73.21551,42.88916
"2928",-72.66058,42.85612
"2929",-73.22125,44.47687
"2930",-72.35,44.6
"2931",-73.24918,44.81699
"2932",-73.30234,44.18327
"2933",-72.74331,44.91656
"2934",-73.0333,44.3
"2935",-72.7336,44.3676
"2936",-71.85083,44.81356
"2937",-72.65874,44.57901
"2938",-73.0167,44.08331
"2939",-73.27232,43.96338
"2940",-72.73333,44.15
"2941",-72.43795,44.27888
"2942",-72.62955,43.91542
"2943",-73.01449,43.60414
"2944",-72.5257,43.3328
"2945",-72.54143,43.1008
"2946",-72.87194,43.18583
"2947",-72.65028,43.615
"2948",-124.0667,46.9833
"2949",-122.4833,47.2833
"2950",-122.1667,47.3333
"2951",-122.4833,47.8
"2952",-120.05,47.8667
"2953",-122.25,47.8667
"2954",-120.1167,47.8833
"2955",-122.2333,48.15
"2956",-122.5,48.2667
"2957",-122.2667,48.3667
"2958",-122.5167,48.6
"2959",-124.0333,46.55
"2960",-120.4,46.5667
"2961",-124.0333,46.5667
"2962",-122.56287,48.8112
"2963",-119.6898,48.0184
"2964",-122.97872,46.10918
"2965",-120.8094,47.22077
"2966",-120.7833,45.7667
"2967",-120.08334,47.83346
"2968",-121.4168,45.98371
"2969",-121.99947,47.5899
"2970",-122.24885,47.85238
"2971",-120.58949,47.00601
"2972",-122.2167,48.0833
"2973",-119.08331,47.88334
"2974",-124.05,46.96671
"2975",-122.17868,47.35977
"2976",-122.66092,47.63226
"2977",-123.98942,46.5605
"2978",-120.60501,47.56777
"2979",-121.23331,45.68333
"2980",-119.3214,47.1381
"2981",-124.59975,48.35575
"2982",-121.23988,48.6566
"2983",-122.68053,48.26457
"2984",-122.8533,47.07225
"2985",-119.57803,48.36338
"2986",-123.47363,48.06889
"2987",-122.56673,48.48336
"2988",-122.6,47.8333
"2989",-122.7333,48.05
"2990",-124.5333,47.9
"2991",-123.71671,46.98338
"2992",-122.38791,48.29731
"2993",-123.0667,48.1
"2994",-122.33408,47.60174
"2995",-123.00057,48.58328
"2996",-123.01298,48.54624
"2997",-122.48024,48.03648
"2998",-122.51674,47.23348
"2999",-119.18051,46.23574
"3000",-120.41795,46.36095
"3001",-118.6167,46.0833
"3002",-120.12114,48.36444
"3003",-122.5067,47.43315
"3004",-120.32302,47.45505
"3005",-123.46667,46.19167
"3006",-118.2333,46.06672
"3007",-120.45547,46.59194
"3008",-88.1833,42.5167
"3009",-89.05,42.5667
"3010",-90.6,42.7
"3011",-90.8833,42.7833
"3012",-89,42.8
"3013",-88.2667,43.2833
"3014",-88.2833,43.2833
"3015",-90.5167,44
"3016",-91.3333,44.0833
"3017",-89.1833,44.1167
"3018",-91.5,44.2333
"3019",-91.9667,44.6333
"3020",-89.7167,44.6833
"3021",-91.2,44.7167
"3022",-88.6333,44.8833
"3023",-91.85,45.4
"3024",-89.9333,43.9667
"3025",-89.27444,44.45119
"3026",-89.15234,45.13769
"3027",-88.41576,44.26177
"3028",-90.02438,44.48891
"3029",-90.90635,46.58295
"3030",-89.73859,43.48911
"3031",-90.97304,46.79734
"3032",-89.40711,42.66437
"3033",-90.89028,44.24148
"3034",-89.08997,42.61367
"3035",-91.03053,42.98885
"3036",-87.53967,44.76214
"3037",-88.2038,42.71108
"3038",-89.89734,42.78386
"3039",-91.60836,45.74851
"3040",-91.15277,46.20147
"3041",-91.36797,44.96627
"3042",-87.8405,43.5795
"3043",-89.24076,42.83484
"3044",-90.80194,46.09293
"3045",-89.0011,43.3067
"3046",-88.93068,44.72312
"3047",-87.98298,44.00809
"3048",-90.96356,42.7858
"3049",-90.11261,43.05575
"3050",-89.75,44.6833
"3051",-88.21251,43.59951
"3052",-91.94879,44.69487
"3053",-87.78394,44.61809
"3054",-92.54789,44.69595
"3055",-87.19389,45.09785
"3056",-88.82726,42.90207
"3057",-88.32132,43.81168
"3058",-90.65555,42.98115
"3059",-90.42161,45.87773
"3060",-88.29111,45.8474
"3061",-88.92688,44.22077
"3062",-89.87743,43.92292
"3063",-88.0246,44.48036
"3064",-90.73146,45.20064
"3065",-89.05736,43.86795
"3066",-92.682,45.77293
"3067",-90.50844,46.47272
"3068",-88.37899,43.31778
"3069",-87.9356,42.91614
"3070",-91.08997,45.29113
"3071",-88.6443,43.52721
"3072",-88.70464,43.3066
"3073",-91.29,46.01002
"3074",-87.50048,44.53986
"3075",-90.58425,43.75736
"3076",-91.25029,43.81489
"3077",-90.63137,43.57434
"3078",-88.5,42.58331
"3079",-88.9833,42.8
"3080",-92.52954,45.4689
"3081",-88.60699,45.2192
"3082",-89.3843,43.07471
"3083",-90.28212,45.22927
"3084",-90.31466,44.24827
"3085",-89.76029,43.0011
"3086",-87.91688,43.10412
"3087",-89.40506,43.87804
"3088",-89.6333,42.60001
"3089",-89.70438,45.88486
"3090",-89.7833,45.2167
"3091",-87.75572,44.02279
"3092",-87.88196,44.22532
"3093",-89.88915,46.1295
"3094",-91.95237,44.43146
"3095",-89.19321,44.62401
"3096",-92.563,45.073
"3097",-88.49974,43.13596
"3098",-88.58251,44.03244
"3099",-90.55702,44.97942
"3100",-87.81988,45.09972
"3101",-89.09863,46.04043
"3102",-88.00203,43.76211
"3103",-89.39525,43.39549
"3104",-89.36094,43.63367
"3105",-87.91327,44.82312
"3106",-90.58326,42.68919
"3107",-88.5525,42.8069
"3108",-88.67497,43.77019
"3109",-87.9957,43.4069
"3110",-90.3604,43.2744
"3111",-91.70409,45.53032
"3112",-89.40813,45.63784
"3113",-89.05669,43.54512
"3114",-91.05763,43.43266
"3115",-87.2876,44.8935
"3116",-89.85007,43.26677
"3117",-88.18365,44.08774
"3118",-87.71628,43.75634
"3119",-87.84037,43.69678
"3120",-88.6333,44.4333
"3121",-89.11322,45.37309
"3122",-90.2333,44.8
"3123",-89.56883,44.52431
"3124",-92.06618,46.65805
"3125",-91.25,46.8
"3126",-88.25797,44.05008
"3127",-88.16444,44.96307
"3128",-92.26717,44.78666
"3129",-88.5465,44.74286
"3130",-89.04818,45.79745
"3131",-91.43114,44.0134
"3132",-87.63854,44.23687
"3133",-86.88331,45.38334
"3134",-90.69965,44.71274
"3135",-88.35533,42.97399
"3136",-89.0114,43.08172
"3137",-88.03606,42.92517
"3138",-89.04206,44.4065
"3139",-89.8167,44.3833
"3140",-89.62263,44.95131
"3141",-89.191,44.11436
"3142",-78.0167,39.3667
"3143",-78.0333,39.4
"3144",-81.7,38.35
"3145",-82.4333,38.4167
"3146",-82.2,38.5
"3147",-82.15,38.7333
"3148",-82.1333,38.8333
"3149",-81.01063,37.40759
"3150",-79.55003,39.06624
"3151",-81.71425,38.362
"3152",-77.85125,39.33188
"3153",-79.82454,38.88959
"3154",-78.50347,39.33653
"3155",-82.43433,38.39284
"3156",-78.10607,39.44508
"3157",-80.4454,37.80169
"3158",-81.5508,37.36581
"3159",-78.96952,39.06235
"3160",-79.92002,39.64381
"3161",-81.16,38.003
"3162",-82.19022,38.50599
"3163",-80.91963,37.57995
"3164",-79.31133,38.65785
"3165",-80.18057,38.15812
"3166",-81.55558,39.25482
"3167",-81.28954,37.76675
"3168",-80.6618,40.09659
"3169",-109.8167,41.9
"3170",-105.4667,44.4
"3171",-109.05,44.4167
"3172",-104.7833,41.15
"3173",-109.6167,43.5333
"3174",-105.59468,41.29755
"3175",-106.5,42.58332
"3176",-106.74124,44.40528
"3177",-106.43332,42.78336
"3178",-104.82019,41.14022
"3179",-109.11224,44.89373
"3180",-109.05654,44.48289
"3181",-109.2796,43.36725
"3182",-109.63335,43.53425
"3183",-111.04608,41.41407
"3184",-104.39,42.15002
"3185",-105.48721,44.34389
"3186",-109.46769,41.52979
"3187",-110.73319,43.57416
"3188",-108.21674,44.86684
"3189",-108.71679,42.81683
"3190",-109.8603,42.8667
"3191",-108.3806,43.02462
"3192",-106.94155,44.58895
"3193",-104.2271,44.20807
"3194",-106.97579,44.80863
"3195",-110.98394,42.84924
